tree
version=v4
num_class=1
num_tree_per_iteration=1
label_index=0
max_feature_idx=356
objective=binary sigmoid:1
feature_names=Column_0 Column_1 Column_2 Column_3 Column_4 Column_5 Column_6 Column_7 Column_8 Column_9 Column_10 Column_11 Column_12 Column_13 Column_14 Column_15 Column_16 Column_17 Column_18 Column_19 Column_20 Column_21 Column_22 Column_23 Column_24 Column_25 Column_26 Column_27 Column_28 Column_29 Column_30 Column_31 Column_32 Column_33 Column_34 Column_35 Column_36 Column_37 Column_38 Column_39 Column_40 Column_41 Column_42 Column_43 Column_44 Column_45 Column_46 Column_47 Column_48 Column_49 Column_50 Column_51 Column_52 Column_53 Column_54 Column_55 Column_56 Column_57 Column_58 Column_59 Column_60 Column_61 Column_62 Column_63 Column_64 Column_65 Column_66 Column_67 Column_68 Column_69 Column_70 Column_71 Column_72 Column_73 Column_74 Column_75 Column_76 Column_77 Column_78 Column_79 Column_80 Column_81 Column_82 Column_83 Column_84 Column_85 Column_86 Column_87 Column_88 Column_89 Column_90 Column_91 Column_92 Column_93 Column_94 Column_95 Column_96 Column_97 Column_98 Column_99 Column_100 Column_101 Column_102 Column_103 Column_104 Column_105 Column_106 Column_107 Column_108 Column_109 Column_110 Column_111 Column_112 Column_113 Column_114 Column_115 Column_116 Column_117 Column_118 Column_119 Column_120 Column_121 Column_122 Column_123 Column_124 Column_125 Column_126 Column_127 Column_128 Column_129 Column_130 Column_131 Column_132 Column_133 Column_134 Column_135 Column_136 Column_137 Column_138 Column_139 Column_140 Column_141 Column_142 Column_143 Column_144 Column_145 Column_146 Column_147 Column_148 Column_149 Column_150 Column_151 Column_152 Column_153 Column_154 Column_155 Column_156 Column_157 Column_158 Column_159 Column_160 Column_161 Column_162 Column_163 Column_164 Column_165 Column_166 Column_167 Column_168 Column_169 Column_170 Column_171 Column_172 Column_173 Column_174 Column_175 Column_176 Column_177 Column_178 Column_179 Column_180 Column_181 Column_182 Column_183 Column_184 Column_185 Column_186 Column_187 Column_188 Column_189 Column_190 Column_191 Column_192 Column_193 Column_194 Column_195 Column_196 Column_197 Column_198 Column_199 Column_200 Column_201 Column_202 Column_203 Column_204 Column_205 Column_206 Column_207 Column_208 Column_209 Column_210 Column_211 Column_212 Column_213 Column_214 Column_215 Column_216 Column_217 Column_218 Column_219 Column_220 Column_221 Column_222 Column_223 Column_224 Column_225 Column_226 Column_227 Column_228 Column_229 Column_230 Column_231 Column_232 Column_233 Column_234 Column_235 Column_236 Column_237 Column_238 Column_239 Column_240 Column_241 Column_242 Column_243 Column_244 Column_245 Column_246 Column_247 Column_248 Column_249 Column_250 Column_251 Column_252 Column_253 Column_254 Column_255 Column_256 Column_257 Column_258 Column_259 Column_260 Column_261 Column_262 Column_263 Column_264 Column_265 Column_266 Column_267 Column_268 Column_269 Column_270 Column_271 Column_272 Column_273 Column_274 Column_275 Column_276 Column_277 Column_278 Column_279 Column_280 Column_281 Column_282 Column_283 Column_284 Column_285 Column_286 Column_287 Column_288 Column_289 Column_290 Column_291 Column_292 Column_293 Column_294 Column_295 Column_296 Column_297 Column_298 Column_299 Column_300 Column_301 Column_302 Column_303 Column_304 Column_305 Column_306 Column_307 Column_308 Column_309 Column_310 Column_311 Column_312 Column_313 Column_314 Column_315 Column_316 Column_317 Column_318 Column_319 Column_320 Column_321 Column_322 Column_323 Column_324 Column_325 Column_326 Column_327 Column_328 Column_329 Column_330 Column_331 Column_332 Column_333 Column_334 Column_335 Column_336 Column_337 Column_338 Column_339 Column_340 Column_341 Column_342 Column_343 Column_344 Column_345 Column_346 Column_347 Column_348 Column_349 Column_350 Column_351 Column_352 Column_353 Column_354 Column_355 Column_356
feature_infos=[642:176798720] [512:525254656] [0:1] [0:26691] [0:4578] [0:1] [0:1] [0:1] [0:1] [0:131660] [0:4279508480] none none none none none [0:1] [-1:1] none none none [-1:0] none [-1:0] [-1:3] [-1:0] [-1:0] [-1:1] [0:1] [-1:1] [0:1] none none none none none none none [-1:1] [-1:1] [-1:0] [0:1] [-2:1] none [-1:1] [-1:0] [-1:0] none [-1:0] [-1:0] none none [-1:0] none none [0:1] none none none none none [0:65426] [0:61268] [0:208] [0:255] [0:10] [0:11] [0:10] [0:50] [0:4294967296] [392:5873664] [0:636086464] [0:56] [0:10] [0:11] [0:52] [0:52] [-51200:11771904] none [-4232192:61440] [-720896:966144] [-267264:3054080] [-2423296:1022464] [-1203712:31354880] [-49945600:1526784] [-549888:10867200] [-85504:106496] [-6946304:323584] [-3874546:927232] [-3519488:1567232] [-627712:9392640] [-1617408:10517504] [-222720:471040] [-2938880:20480] [-2682880:652800] [-352256:4554752] [-737280:11448320] [-2613248:2490880] [-1355776:577536] [-1427456:20148224] [-228864:688128] [-410112:934400] [-851968:2958848] none [-286720:176128] [-24489984:9424896] [-9207808:6488064] none [-932864:7864320] [-22820352:4096] none [-98304:18022400] [-12259840:8956928] [-1798144:418984] [-725504:5807104] [-11479040:1534464] [-4243456:437248] [-621056:1288192] [-27094528:2179072] [-829952:68096] [-123392:176754688] none [-1162240:367616] [-10360832:806912] [-577536:168422] [-15872:949248] [-20480:4167348] [-7.4651999473571777:54.305652618408203] none [-7.9463896751403809:6.3438854217529297] [-17.454479217529297:7.9052424430847168] [-7.999323844909668:9.3253459930419922] [-21.781473159790039:7.9998135566711426] [-7.9862785339355469:7.9991359710693359] [-7.9999961853027344:7.9249458312988281] [-8.6769466400146484:7.9564957618713379] [-6.7041940689086914:7.6603527069091797] [-7.9999728202819824:12.488415718078613] [-7.9550175666809082:7.8785896301269531] [-7.8716673851013184:7.9491753578186035] [-9.3316450119018555:7.9355068206787109] [-7.9510254859924316:15.217827796936035] [-7.6912298202514648:15.107559204101562] [-7.9999246597290039:7.9939484596252441] [-12.405502319335938:13.61024284362793] [-12.929183006286621:7.9851412773132324] [-363.14260864257812:7.999396800994873] [-9.6529693603515625:7.9253292083740234] [-15.048690795898438:7.9973354339599609] [-7.9994864463806152:15.69482421875] [-15.80803108215332:7.8824172019958496] [-6.5343875885009766:13.899710655212402] none none [-7.9989676475524902:7.9229388236999512] [-7.9999918937683105:7.998171329498291] [-7.999608039855957:7.9997234344482422] none [-7.147097110748291:8.1953372955322266] [-11.145999908447266:1.6278975009918213] none [-7.1931772232055664:7.9204168319702148] [-7.9999303817749023:7.9998712539672852] [-7.9480605125427246:7.9931678771972656] [-10.677403450012207:7.950688362121582] [-15.475955009460449:10.214837074279785] [-7.9999527931213379:6.5535068511962891] [-7.0825648307800293:7.9997758865356445] [-36.953460693359375:6.5944805145263672] [-12.994369506835938:7.9973320960998535] [-7.9985942840576172:14.664863586425781] none [-7.9981064796447754:15.502218246459961] [-7.9853835105895996:8.552520751953125] [-7.9298191070556641:7.9854130744934082] none [-6.545691967010498:7.9904041290283203] [-1607383:26640384] none [-4235264:61440] [-720896:962560] [-206508032:3053834] [-18292736:1022952] [-12656640:31354872] [-49946624:1527808] [-549824:2342912] [-85236:103152] [-26755072:323584] [-3874546:925696] [-3522560:1568768] [-627592:9396224] [-1622016:10517308] [-1019904:471040] [-2940928:10495365] [-2682880:652892] [-352256:2150400] [-737280:11468800] [-2612963:2490462] [-1355776:577536] [-1426996:34062336] [-228582:685882] [-409900:9502750] [-851968:4551235] none [-286720:176128] [-24489984:9424784] [-9207074:166968400] none [-12414976:17367040] [-524296064:81024] none [-715286:93184000] [-12259420:8957952] [-1798144:418984] [-1646418:5806768] [-11478864:1533966] [-4243456:3493651] [-620921:1290240] [-27094484:2179072] [-830336:67878] [-7066774:176754688] [-11384:1753088] [-1163264:367264] [-10360448:811008] [-574979:473322] [-906040:950272] [-20476:4169728] [-1:3] none [0:2] [-1:1] none [-1:1] none [-1:0] none [0:3] [0:2] [-2:0] [0:1] [-1:2] none none none [-2:2] none none [-1:0] [0:2] none none none none [-2:1] none none [-1:1] none [-3:1] [-1:3] none none none [-1:1] none [-2:0] [-2:1] none none [0:2] [-1:1] [-1:1] [-1:2] none none none [-2:0] [0:10] none [-1:0] none [0:1] none none none [0:1] [0:5] [-1:0] none none [-10:0] none none none none none none none [0:1] [-1:1] [0:11] none none none none [0:6] none none none none none none [-1:1] [0:1] [0:11] none none none none none none none [0:1] none [-2:0] [-1:0] [0:1] [0:4294967296] [0:151158784] [0:433464] [0:168521728] [0:176754576] [0:524906496] [0:2110968] [0:34889728] [0:1151784] [0:4294967296] [0:2318436] [0:525250560] [0:2588053248] [0:27316224] [0:256] [0:10625048] none none [0:7904] [0:117677744] [0:1092] [0:117677776] [0:844] [0:872] [0:30652] [0:168522976] [0:26730] [0:31057084] [0:72] [0:4019296]
tree_sizes=3414 3424 3426 3441 3432 3428 3443 3444 3438 3439 3436 3439 3442 3430 3443 3445 3441 3451 3470 3453 3448 3441 3442 3457 3473 3434 3452 3456 3449 3437 3441 3438 3451 3451 3455 3439 3447 3453 3439 3460 3465 3463 3432 3471 3443 3454 3462 3452 3483 3476

Tree=0
num_leaves=31
num_cat=0
split_feature=21 10 335 76 67 329 4 330 65 168 10 49 331 219 120 118 218 162 0 168 206 46 0 109 339 331 118 168 10 0
split_gain=1845.48 618.505 789.622 362.516 208.324 124.588 171.776 107.119 108.538 104.14 92.4117 97.9732 89.7224 86.4236 82.4926 75.253 62.8278 58.3097 45.1922 45.1015 44.7515 40.9829 39.9735 39.5954 39.2697 39.5375 47.9759 37.3217 37.1259 36.2676
threshold=-1.0000000180025095e-35 1258729216.0000002 5356.0000000000009 2.5000000000000004 5.5000000000000009 87.500000000000014 136.50000000000003 567376.00000000012 3.5000000000000004 -6.6901452541351309 1514349888.0000002 -1.0000000180025095e-35 690.00000000000011 -2330.9999999999995 3887360.0000000005 -447.99999999999994 -762074.99999999988 -6.602752447128295 7515005.0000000009 -6.5523567199707022 120.00000000000001 -1.0000000180025095e-35 607488.00000000012 -222207.99999999997 27.500000000000004 220060.00000000003 -28415.999999999996 -5.5320718288421622 1395205184.0000002 1882927.5000000002
decision_type=2 2 2 2 2 2 2 2 2 2 2 2 2 2 2 2 2 2 2 2 2 2 2 2 2 2 2 2 2 2
left_child=12 3 4 9 5 6 10 8 17 -2 11 -3 23 19 -14 21 -15 29 -18 -7 -10 -11 -6 -1 25 26 -4 -25 -13 -5
right_child=1 2 24 7 22 13 -8 -9 20 15 -12 28 14 16 -16 -17 18 -19 -20 -21 -22 -23 -24 27 -26 -27 -28 -29 -30 -31
leaf_value=-0.20048913247690292 -0.29409624520460098 -0.41095932499676113 -0.29298052242373596 -0.22458333497858854 -0.45745028742220328 -0.19834694473764219 -0.49208632413627851 -0.41169186585632872 -0.22409417218620412 -0.17400390224604245 -0.2250756937529195 -0.2205599710112269 -0.49575507007957187 -0.35651430287536939 -0.24757398622065488 -0.23075796702645776 -0.2044466956148476 -0.45167163853732156 -0.40574966676607155 -0.35226987495375717 -0.41310667516353283 -0.47639907876521054 -0.31907749480272202 -0.44544613150782331 -0.47050328940126696 -0.48459100933474125 -0.43715843338600224 -0.292687716959804 -0.34284724496777796 -0.45209881967007737
leaf_weight=6.0411028563976279 24.647699654102325 47.603890508413315 30.930446624755859 17.398376226425174 35.280040681362152 16.43179976940155 24.647699654102325 56.544722735881805 102.21546033024788 2.8997293710708609 133.14590695500374 46.395669937133789 584.05382415652275 18.848240911960602 8.6991881132125837 8.4575439989566785 462.50683468580246 29.963870167732239 7.2493234276771537 47.120602279901505 8.6991881132125837 265.08359333872795 21.506326168775558 50.986908107995987 104.14861324429512 23.4394790828228 28.272361367940903 12.807138055562971 24.164411425590515 6.0411028563976279
leaf_count=25 102 197 128 72 146 68 102 234 423 12 551 192 2417 78 36 35 1914 124 30 195 36 1097 89 211 431 97 117 53 100 25
internal_value=-0.369799 -0.323146 -0.288365 -0.394561 -0.256815 -0.246651 -0.290544 -0.316717 -0.284034 -0.451663 -0.270777 -0.322272 -0.482008 -0.224714 -0.492113 -0.465712 -0.213299 -0.377736 -0.207553 -0.312472 -0.238919 -0.473127 -0.405045 -0.396242 -0.437828 -0.39665 -0.361833 -0.414779 -0.262439 -0.283221
internal_weight=2256.23 1593.64 1071.69 521.951 884.901 828.114 275.958 220.863 164.318 301.089 251.31 118.164 662.588 552.157 592.753 276.441 488.604 53.4033 469.756 63.5524 110.915 267.983 56.7864 69.8351 186.791 82.6423 59.2028 63.794 70.5601 23.4395
internal_count=9337 6595 4435 2160 3662 3427 1142 914 680 1246 1040 489 2742 2285 2453 1144 2022 221 1944 263 459 1109 235 289 773 342 245 264 292 97
is_linear=0
shrinkage=1


Tree=1
num_leaves=31
num_cat=0
split_feature=21 10 335 76 67 329 4 168 330 1 331 10 49 120 219 118 351 0 209 0 168 46 220 339 331 168 109 168 10 352
split_gain=1587.02 515.766 656.006 310.746 170.954 100.004 144.527 90.1461 89.3148 91.4856 80.3068 74.7277 81.4281 71.7795 69.3767 65.1685 56.5362 50.6651 37.5311 37.3494 36.7843 35.6629 34.6945 34.5851 34.4523 41.2774 33.0474 31.8921 30.0946 30.7354
threshold=-1.0000000180025095e-35 1258729216.0000002 5356.0000000000009 2.5000000000000004 5.5000000000000009 87.500000000000014 136.50000000000003 -6.6901452541351309 567376.00000000012 600064.00000000012 690.00000000000011 1514349888.0000002 -1.0000000180025095e-35 3887360.0000000005 -2330.9999999999995 -3905.9999999999995 1786.0000000000002 1882927.5000000002 -3759.9999999999995 9415980.0000000019 -6.5523567199707022 -1.0000000180025095e-35 702.00000000000011 27.500000000000004 220060.00000000003 -6.5168278217315665 -222207.99999999997 -5.5320718288421622 1395205184.0000002 5056.0000000000009
decision_type=2 2 2 2 2 2 2 2 2 2 2 2 2 2 2 2 2 2 2 2 2 2 2 2 2 2 2 2 2 2
left_child=10 3 4 7 5 6 11 -2 9 17 26 12 22 -12 20 21 19 -5 -6 -16 -7 -9 -3 24 25 -4 -1 -28 -14 -30
right_child=1 2 23 8 18 14 -8 15 -10 -11 13 -13 28 -15 16 -17 -18 -19 -20 -21 -22 -23 -24 -25 -26 -27 27 -29 29 -31
leaf_value=0.15190191483373164 0.068746484048446979 0.20066112550457407 0.10246981520656863 0.062409518385688152 0.046108749522137268 0.15378924192738572 -0.11558381703834193 0.17520480561306678 -0.038867148620520701 0.16670820692071214 -0.11916137921676269 0.13020077538770733 0.13419246920931871 0.1102667886292272 0.1484571607454597 0.065447745041925492 0.0067174349297523788 -0.078440203430603803 -0.08679701314423266 -0.060850266250594628 0.016074596967211884 -0.10330030821035167 -0.057866435537036617 -0.094680932705792767 -0.10829714800335589 -0.03957941928186736 -0.070706377972129489 0.070010532724993205 -0.076871363667050316 0.10445841504034425
leaf_weight=6.1876121908426276 24.95646196603775 3.5960201919078818 19.539169639348984 95.212231010198593 22.92596460878849 16.833889126777649 24.016529202461243 2.97740614414215 56.089581370353699 51.30316698551178 568.59239771962166 136.02005568146706 47.420940399169922 8.8634878993034345 474.71743468940258 16.197264671325684 19.390235111117363 19.731997117400169 33.422359228134155 5.519685596227645 47.268341034650803 251.69681668281555 43.631711661815643 102.00006338953972 22.880273506045341 39.679697200655937 50.217469796538353 12.970234081149099 10.682982206344606 13.596522808074949
leaf_count=25 102 15 80 390 95 68 102 12 234 208 2417 551 192 36 1920 67 79 82 140 23 195 1065 182 431 97 165 211 53 44 56
internal_value=-0.000111877 0.0426078 0.0740107 -0.0230351 0.102184 0.111205 0.0720283 -0.0767438 0.0484264 0.0778781 -0.105869 0.0897016 0.0433821 -0.11564 0.130591 -0.0901484 0.140644 0.0382304 -0.0327228 0.146051 0.0522398 -0.100044 -0.0381816 -0.0635725 -0.0249234 0.0072895 -0.0245438 -0.0418221 0.0971066 0.0246733
internal_weight=2248.14 1601.31 1083.14 518.165 899.043 842.694 278.965 295.828 222.337 166.247 646.831 254.948 118.928 577.456 563.73 270.871 499.627 114.944 56.3483 480.237 64.1022 254.674 47.2277 184.099 82.0991 59.2189 69.3753 63.1877 71.7004 24.2795
internal_count=9337 6595 4435 2160 3662 3427 1142 1246 914 680 2742 1040 489 2453 2285 1144 2022 472 235 1943 263 1077 197 773 342 245 289 264 292 100
is_linear=0
shrinkage=0.08


Tree=2
num_leaves=31
num_cat=0
split_feature=21 335 10 76 67 10 340 168 169 65 331 331 76 120 75 39 162 170 38 39 327 38 69 1 168 0 118 61 0 42
split_gain=1373.9 443.181 567.796 287.51 142.993 87.1004 198.77 79.3154 77.1003 77.4501 73.0629 68.9537 64.224 63.3828 56.651 64.8311 53.2514 42.2876 39.4844 39.4243 46.4515 34.9274 33.2477 32.5402 32.0191 30.7766 28.2797 25.2449 26.5043 24.1432
threshold=-1.0000000180025095e-35 5220.0000000000009 1258729216.0000002 2.5000000000000004 5.5000000000000009 1510473856.0000002 176760.00000000003 -6.6901452541351309 -5.0639846324920645 3.5000000000000004 796.00000000000011 796.00000000000011 1.0000000180025095e-35 3887360.0000000005 1.5000000000000002 -1.0000000180025095e-35 -6.6058940887451163 4.5380513668060312 1.0000000180025095e-35 -1.0000000180025095e-35 76.500000000000014 1.0000000180025095e-35 528896.00000000012 608256.00000000012 -6.4607656002044669 4726728.0000000009 -723967.99999999988 1.0000000180025095e-35 7515005.0000000009 -1.4999999999999998
decision_type=2 2 2 2 2 2 2 2 2 2 2 2 2 2 2 2 2 2 2 2 2 2 2 2 2 2 2 2 2 2
left_child=10 2 3 7 5 6 11 -2 -5 16 19 21 -13 -12 -9 -16 -10 26 27 20 -1 -4 -11 -6 -20 -19 -14 28 -7 -25
right_child=1 -3 4 8 23 18 -8 14 9 22 13 12 17 -15 15 -17 -18 25 24 -21 -22 -23 -24 29 -26 -27 -28 -29 -30 -31
leaf_value=0.11971348232812355 0.066792927131694782 -0.06319273972019071 0.16004755403547644 -0.074532814072922393 -0.079015851010384372 0.1411669154643008 -0.089865362572895846 -0.096591931866832084 0.093230901712772832 0.12547168516144594 -0.11423040228694728 -0.048427317388830937 -0.084009528629616012 0.10032763577038242 0.14367287386307634 -0.12541639139909838 -0.081177092498829248 0.11894441117409846 0.1192628944067875 -0.095425150405230877 -0.045145309983219202 -0.028742922010557309 0.009701418048967507 -0.064571671645789253 -0.10649399857212898 -0.033387586586495641 0.058300046407999892 0.062404205370967109 -0.062646128403317139 0.1105979389607375
leaf_weight=18.011393949389458 24.685277044773102 231.29994203150272 102.17718043923378 24.805695027112961 34.195525363087654 361.6985225379467 41.454060673713684 217.20227202773094 18.602705389261246 108.71755240857601 540.75131040811539 25.167009055614471 9.9574714899063093 8.9577128291130048 14.014308705925941 9.6938656121492386 28.171330749988556 152.83439512550831 7.9598014950752285 32.648601621389389 27.854965031147003 6.6818533837795249 18.591162711381912 7.957290485501292 8.1248927861452085 8.9873910248279554 87.19301725924015 29.893567085266113 4.1301240473985663 13.715049460530279
leaf_count=75 100 986 410 103 146 1451 175 942 76 439 2374 106 41 36 58 42 118 615 32 139 118 27 78 33 33 37 353 121 17 56
internal_value=-0.000190438 0.0392164 0.0565493 -0.0153148 0.0935504 0.101734 0.0767464 -0.0697808 0.057419 0.0762213 -0.100423 0.0943209 0.0735794 -0.110734 -0.083775 0.0336469 -0.0118125 0.085436 0.128096 -0.0282343 0.0195936 0.148459 0.108566 -0.0304101 0.00522588 0.110484 0.043714 0.13309 0.138866 0.0462821
internal_weight=2226.14 1597.91 1366.61 464.484 902.127 846.259 434.452 265.596 198.888 174.083 628.224 392.998 284.139 549.709 240.91 23.7082 46.774 258.972 411.807 78.515 45.8664 108.859 127.309 55.8679 16.0847 161.822 97.1505 395.722 365.829 21.6723
internal_count=9337 6595 5609 1956 3653 3418 1764 1142 814 711 2742 1589 1152 2410 1042 100 194 1046 1654 332 193 437 517 235 65 652 394 1589 1468 89
is_linear=0
shrinkage=0.08


Tree=3
num_leaves=31
num_cat=0
split_feature=21 335 10 76 67 10 340 168 331 169 65 120 120 118 355 10 162 332 314 39 327 38 39 209 168 329 76 46 38 168
split_gain=1195.22 377.885 479.242 247.532 120.48 73.1561 168.481 69.1016 66.9562 65.2735 64.7967 60.3664 55.8858 50.4577 48.5237 46.9878 45.3442 34.7185 36.9997 34.2978 38.7934 33.1708 30.8403 28.9077 27.233 26.8942 27.2675 26.2408 22.8766 22.6131
threshold=-1.0000000180025095e-35 5220.0000000000009 1258729216.0000002 2.5000000000000004 5.5000000000000009 1510473856.0000002 176760.00000000003 -6.6901452541351309 796.00000000000011 -5.0639846324920645 3.5000000000000004 3714.0000000000005 3887360.0000000005 -447.99999999999994 1.0000000180025095e-35 1280679744.0000002 -6.6058940887451163 16512.000000000004 1.0000000180025095e-35 -1.0000000180025095e-35 76.500000000000014 1.0000000180025095e-35 -1.0000000180025095e-35 -3759.9999999999995 -6.4607656002044669 10138.000000000002 3.5000000000000004 -1.0000000180025095e-35 1.0000000180025095e-35 -6.7197513580322257
decision_type=2 2 2 2 2 2 2 2 2 2 2 2 2 2 2 2 2 2 2 2 2 2 2 2 2 2 2 2 2 2
left_child=8 2 3 7 5 6 11 -2 19 -5 16 14 -10 27 28 -13 -11 -17 29 20 -1 -7 25 -6 -23 26 -12 -9 -4 -19
right_child=1 -3 4 9 23 21 -8 13 12 10 22 15 -14 -15 -16 17 -18 18 -20 -21 -22 24 -24 -25 -26 -27 -28 -29 -30 -31
leaf_value=0.10821442587330704 0.061040083348278359 -0.059114088290684645 0.14303943560431856 -0.069638260233114063 0.039895773399315444 0.12229408607981332 -0.084411661958739559 0.149210522957231 -0.10922105565292506 0.084951758625641804 0.04660695911692711 -0.058769570177722774 0.091878321122062373 0.11268513823309841 -0.04874811319405175 -0.062131653026680271 -0.076145527123822054 0.12810594887053992 0.14277891641257104 -0.090078740446570507 -0.041993655592576749 0.1093906702183112 -0.12181620982243339 -0.07744385405474899 -0.09936131401312355 -0.095719041986984554 0.13502382832449999 -0.089593113913731925 -0.0034293962250950792 0.047301321915580882
leaf_weight=18.316897928714752 24.843528866767883 227.63229589164257 142.1117994338274 24.440451830625534 23.098659723997116 396.15540164709091 40.63563896715641 2.9843135476112357 521.11328253149986 18.774316608905792 29.650516271591187 19.278382107615471 8.9969240427017194 8.4484941363334638 9.6885180026292783 11.745016291737555 27.651822730898857 26.678848594427109 45.621542632579803 31.852391257882118 27.562277615070343 7.9825018197298041 3.9124356657266608 32.124941438436508 8.0158573985099775 4.0785852819681159 90.331027939915657 223.13767455518246 7.1689196079969397 131.00442515313625
leaf_count=75 100 986 570 103 95 1589 175 12 2374 76 120 78 36 34 41 49 118 108 183 139 118 32 16 140 33 17 364 996 29 531
internal_value=-0.00024851 0.0362834 0.0522559 -0.0143561 0.0861234 0.0935959 0.07067 -0.0658324 -0.0956407 0.0528021 0.069961 0.0866931 -0.105808 -0.0792695 0.124746 0.0608782 -0.0109992 0.0716041 0.0793301 -0.0263022 0.0179757 0.117733 0.099332 -0.0283636 0.00479706 0.106306 0.113174 -0.0864414 0.136006 0.0609729
internal_weight=2195.04 1587.2 1359.56 458.253 901.31 846.087 433.933 259.414 607.842 198.839 174.399 393.297 530.11 234.57 158.969 234.328 46.4261 215.05 203.305 77.7316 45.8792 412.154 127.973 55.2236 15.9984 124.06 119.982 226.122 149.281 157.683
internal_count=9337 6595 5609 1956 3653 3418 1764 1142 2742 814 711 1589 2410 1042 640 949 194 871 822 332 193 1654 517 235 65 501 484 1008 599 639
is_linear=0
shrinkage=0.08


Tree=4
num_leaves=31
num_cat=0
split_feature=21 335 10 76 42 331 170 328 331 10 169 65 168 168 120 64 4 162 38 10 10 7 49 39 75 117 119 332 69 61
split_gain=1044.37 323.64 407.247 213.882 105.481 65.4146 107.448 101.581 61.6902 61.6103 55.5664 54.7146 53.0764 49.8061 49.5181 44.0526 43.4389 38.7448 35.4414 34.6829 31.0052 35.6903 30.586 30.3318 30.2476 41.8684 28.7324 27.1162 25.3626 24.4031
threshold=-1.0000000180025095e-35 5220.0000000000009 1258729216.0000002 2.5000000000000004 -1.4999999999999998 934.00000000000011 4.7071068286895761 51176.000000000007 796.00000000000011 861951552.00000012 -5.0639846324920645 3.5000000000000004 -6.1521883010864249 -7.2592484951019278 3887360.0000000005 10.500000000000002 205.50000000000003 -6.6058940887451163 1.0000000180025095e-35 1308111872.0000002 1266245888.0000002 1.0000000180025095e-35 -1.0000000180025095e-35 -1.0000000180025095e-35 1.5000000000000002 320.00000000000006 -1.0000000180025095e-35 923648.00000000012 347392.00000000006 5.5000000000000009
decision_type=2 2 2 2 2 2 2 2 2 2 2 2 2 2 2 2 2 2 2 2 2 2 2 2 2 2 2 2 2 2
left_child=8 2 3 9 -4 18 7 12 20 26 -5 17 19 -11 -10 16 22 -12 -6 -7 -1 23 -8 -22 -15 -26 -2 -13 -29 -17
right_child=1 -3 4 10 5 6 15 -9 14 13 11 27 -14 24 -16 29 -18 -19 -20 -21 21 -23 -24 -25 25 -27 -28 28 -30 -31
leaf_value=-0.09487000665065709 -0.10139611603591381 -0.055334816244037174 -0.061458444473456997 -0.065159871494807481 0.13678352751346862 -0.044223377344421819 0.040167434184613458 -0.10390602104460689 -0.10483940886171468 0.11959418675551349 0.077773497095972186 0.10555754224465626 0.0085634311115714255 -0.089385414410213748 0.084561772491924744 0.13834090337982652 -0.0080465780591226672 -0.071549085654513192 -0.0045514097797485394 0.096422122061126977 0.095884784417639327 -0.12481582853723995 0.10917256975882816 -0.049205399232793871 0.12934067082666981 -0.11702958544011076 0.12753180879763498 0.17072676262367761 -0.062177254131859594 -0.063439972316368443
leaf_weight=26.357572108507156 4.579232096672059 223.88297329843044 32.621476784348488 24.047076523303986 171.62447899580002 12.300007879734038 54.975055366754532 30.034598082304001 500.3155797123909 8.2304175049066526 18.862236678600311 111.58252696692944 103.50141258537769 207.09547616541386 8.9932220578193647 151.46853666007519 32.001106813549995 27.097136348485947 12.159622088074682 127.95392513275146 26.440562307834625 9.8002043813467008 162.9895606637001 14.160037726163862 9.8686995655298251 7.9877578020095816 15.009764298796654 3.9612255394458797 12.23496602475643 3.9355435669422141
leaf_count=116 21 986 142 103 695 50 226 132 2374 33 76 450 424 947 36 612 130 118 50 518 110 43 658 63 41 37 63 16 51 16
internal_value=-0.000288784 0.0337292 0.048542 -0.013495 0.0797526 0.0850908 0.0736329 0.0349143 -0.0914188 -0.0622518 0.0488168 0.0645923 0.0520192 -0.0736993 -0.101495 0.0997838 0.0789896 -0.0102654 0.127432 0.0840878 -0.0245611 0.0122077 0.0917681 0.0452825 -0.0807715 0.0191315 0.0740164 0.091517 -0.00521415 0.133231
internal_weight=2156.07 1570 1346.12 450.557 895.565 862.944 679.16 273.79 586.067 252.771 197.785 173.738 243.755 233.182 509.309 405.37 249.966 45.9594 183.784 140.254 76.7584 50.4008 217.965 40.6006 224.952 17.8565 19.589 127.779 16.1962 155.404
internal_count=9337 6595 5609 1956 3653 3511 2766 1124 2742 1142 814 711 992 1058 2410 1642 1014 194 745 568 332 216 884 173 1025 78 84 517 67 628
is_linear=0
shrinkage=0.08


Tree=5
num_leaves=31
num_cat=0
split_feature=21 335 10 76 67 329 4 331 168 0 219 169 65 220 118 351 162 340 63 159 10 10 7 39 168 0 39 0 138 351
split_gain=915.611 277.943 347.543 185.384 91.2947 60.1904 86.5971 57.0935 54.9098 52.8537 48.3581 47.4954 46.5143 44.6492 40.9906 37.4865 33.1929 30.4515 28.905 28.4143 31.3449 27.1094 31.051 25.7925 25.7012 25.6032 25.4118 25.1439 24.2458 24.1743
threshold=-1.0000000180025095e-35 5220.0000000000009 1258729216.0000002 2.5000000000000004 5.5000000000000009 87.500000000000014 136.50000000000003 796.00000000000011 -6.6901452541351309 94284.000000000015 -2330.9999999999995 -5.0639846324920645 3.5000000000000004 2350432.0000000005 -3905.9999999999995 1786.0000000000002 -6.6058940887451163 135952.00000000003 6.5000000000000009 -1.9422121047973631 1521670720.0000002 1266245888.0000002 1.0000000180025095e-35 -1.0000000180025095e-35 -6.5523567199707022 9415980.0000000019 -1.0000000180025095e-35 607488.00000000012 -0.67181348800659169 346.00000000000006
decision_type=2 2 2 2 2 2 2 2 2 2 2 2 2 2 2 2 2 2 2 2 2 2 2 2 2 2 2 2 2 2
left_child=7 2 3 8 5 6 9 21 -2 -4 24 -5 16 -9 -10 25 -13 29 -15 -19 -21 -1 26 -14 -7 28 -23 -6 -12 -11
right_child=1 -3 4 11 27 10 -8 13 14 17 15 12 23 18 -16 -17 -18 19 -20 20 -22 22 -24 -25 -26 -27 -28 -29 -30 -31
leaf_value=-0.089962285207899381 0.053633211698331039 -0.051816973422581965 0.0011491746178458697 -0.061032885587923816 -0.07069925919603022 0.11613174270453219 -0.10304851123221609 -0.10141130228550832 -0.080886571378625371 0.112165521524084 -0.13814261956343174 0.071462456927921719 0.091135541248369589 0.14661340700750006 0.057208727900386828 -0.0046365213240984254 -0.067314547616359299 0.10794905765897696 -0.12653919728393109 -0.111790981995921 0.11499888825500915 0.087220697793171167 -0.11961583582140181 -0.11875261814721748 0.00041082954244071456 -0.062431746009056176 -0.046016033461344946 0.040576812833348373 0.11213116199384522 0.024147311189006603
leaf_weight=25.603078052401543 24.902185693383217 220.11497822403908 65.240722551941872 23.636520236730576 32.671833768486977 16.57733565568924 21.761189669370651 476.44190761446953 206.24807514250278 133.93937014043331 2.4906053841114035 18.884399056434631 123.10470360517502 7.725841745734213 14.739552795886992 19.41718977689743 26.521701380610466 12.289602890610697 3.6510737687349319 13.813959747552873 5.4348100423812857 26.728217720985413 9.4235072731971723 3.8647642433643332 47.417917668819427 5.52489049732685 13.93950182199478 21.579896122217178 465.32853116095066 23.469891026616096
leaf_count=116 100 986 268 103 146 68 102 2362 980 545 10 76 501 32 62 79 118 50 16 58 22 110 43 16 192 23 63 89 1906 95
internal_value=-0.000319555 0.0314476 0.0452397 -0.0127223 0.0741176 0.0806689 0.0501179 -0.0876405 -0.0589853 0.0632305 0.0958111 0.045313 0.0598953 -0.0976713 -0.0716758 0.104308 -0.00959719 0.0846662 0.0589534 0.0129167 -0.0477578 -0.0229964 0.0112318 0.0847469 0.0303872 0.108777 0.0415517 -0.0264366 0.110799 0.0990419
internal_weight=2112.49 1548.97 1328.86 441.902 886.958 832.706 275.95 563.513 245.89 254.188 556.756 196.012 172.376 487.819 220.988 492.761 45.4061 188.948 11.3769 31.5384 19.2488 75.6943 50.0912 126.969 63.9953 473.344 40.6677 54.2517 467.819 157.409
internal_count=9337 6595 5609 1956 3653 3418 1140 2742 1142 1038 2278 814 711 2410 1042 2018 194 770 48 130 80 332 216 517 260 1939 173 235 1916 640
is_linear=0
shrinkage=0.08


Tree=6
num_leaves=31
num_cat=0
split_feature=21 335 10 266 314 23 10 340 331 120 220 65 329 10 159 0 70 305 332 168 162 4 355 63 168 339 329 61 346 327
split_gain=805.177 239.317 298.353 161.093 107.859 82.8344 60.8236 125.936 53.1277 42.0774 39.6557 37.4336 42.6684 34.0832 34.0233 30.8669 32.1285 30.8443 30.3092 30.2592 29.4629 27.6658 25.3979 24.7044 24.4872 24.0181 32.1614 23.3369 22.8181 22.721
threshold=-1.0000000180025095e-35 5220.0000000000009 1258729216.0000002 -1.4999999999999998 1.0000000180025095e-35 -1.0000000180025095e-35 1510473856.0000002 4792.0000000000009 690.00000000000011 3714.0000000000005 2350432.0000000005 3.5000000000000004 10138.000000000002 1280679744.0000002 -7.8196797370910636 61486.500000000007 960.00000000000011 1.0000000180025095e-35 16512.000000000004 -7.0844006538391104 -6.6099226474761954 120.50000000000001 1.0000000180025095e-35 6.5000000000000009 -2.8570293188095088 27.500000000000004 118.00000000000001 1.0000000180025095e-35 329202.00000000006 71.500000000000014
decision_type=2 2 2 2 2 2 2 2 2 2 2 2 2 2 2 2 2 2 2 2 2 2 2 2 2 2 2 2 2 2
left_child=8 2 3 4 14 6 7 9 28 -4 -10 20 17 -11 -2 16 -8 -13 -15 22 -5 -20 -9 -12 -7 26 -3 -17 29 -1
right_child=1 25 5 11 -6 24 15 19 10 13 23 12 -14 18 -16 27 -18 -19 21 -21 -22 -23 -24 -25 -26 -27 -28 -29 -30 -31
leaf_value=0.030934901544380621 0.14999777119025168 0.09904548651417884 0.1086354629530575 0.063065689846411199 0.093473095257658068 -0.054274552597052161 0.097700696725409542 0.10692938810061285 -0.097147728264026012 -0.055237386245573242 0.13562851918855665 0.019222700142819092 -0.11608198794990529 -0.062902249756081718 -0.071391695091299709 0.10931264207801177 -0.07036533990659441 0.11628334354061641 0.091268910160314173 -0.062332811502416624 -0.061671953825266308 0.021424505687973838 -0.12131247945989061 -0.11877842603136302 0.12118632556886498 -0.07547449324397458 -0.037692301370053166 0.034999396601577394 0.096821080039417015 -0.075130523149970527
leaf_weight=20.386210843920708 4.5272909998893729 12.419026777148245 140.81662802398205 21.645210593938828 30.036327034235001 42.127158612012863 15.369203358888628 13.876907408237459 463.81841053068638 17.443940252065659 7.6846906244754773 28.90246856212616 6.8780078440904608 11.688302800059317 237.62917238473892 345.34893158078194 13.830460786819456 76.195006921887398 120.43164621293545 62.618319824337959 27.535591661930084 51.954159200191498 4.0253415405750266 3.5812776535749435 5.7901471406221381 107.01592449843884 96.942668169736862 29.343189463019371 9.6686888635158521 35.321552127599716
leaf_count=88 19 54 591 88 124 182 63 57 2405 71 32 120 30 49 1136 1439 58 314 494 275 125 212 18 16 24 498 434 120 41 160
internal_value=-0.000341927 0.0294038 0.0422961 -0.0119853 -0.0495167 0.0691896 0.0751166 0.0539097 -0.084241 0.0750834 -0.0935455 0.0514052 0.0769577 0.051638 -0.0672527 0.0973191 0.018096 0.0895911 0.0617661 -0.0361107 -0.00677304 0.070219 0.0556089 0.0547565 -0.0330725 -0.0485305 -0.0221645 0.103493 -0.016626 -0.036316
internal_weight=2064.85 1524.39 1308.01 433.349 272.193 874.664 826.747 422.855 540.461 342.335 475.084 161.156 111.975 201.518 242.156 403.892 29.1997 105.097 184.074 80.5206 49.1808 172.386 17.9022 11.266 47.9173 216.378 109.362 374.692 65.3765 55.7078
internal_count=9337 6595 5609 1956 1279 3653 3447 1767 2742 1417 2453 677 464 826 1155 1680 121 434 755 350 213 706 75 48 206 986 488 1559 289 248
is_linear=0
shrinkage=0.08


Tree=7
num_leaves=31
num_cat=0
split_feature=21 335 10 118 75 42 331 170 328 331 159 39 168 64 220 4 65 329 38 162 0 0 39 327 258 24 49 69 10 42
split_gain=709.189 206.543 256.605 140.295 88.589 73.8845 52.9523 83.7025 73.4899 50.148 45.4597 41.651 41.2175 36.2565 36.0126 33.8399 32.3745 35.2331 29.3338 25.5863 24.5534 23.8352 23.7921 25.5512 23.561 23.1202 22.9353 22.5644 21.7934 21.6935
threshold=-1.0000000180025095e-35 5220.0000000000009 1258729216.0000002 -3905.9999999999995 1.5000000000000002 -1.4999999999999998 934.00000000000011 4.7071068286895761 51176.000000000007 796.00000000000011 -4.8753433227539054 -1.0000000180025095e-35 -6.6901452541351309 10.500000000000002 2350432.0000000005 205.50000000000003 3.5000000000000004 10138.000000000002 1.0000000180025095e-35 -6.6099226474761954 1882927.5000000002 53277.000000000007 -1.0000000180025095e-35 76.500000000000014 -1.0000000180025095e-35 1.5000000000000002 -1.0000000180025095e-35 882432.00000000012 861951552.00000012 -1.0000000180025095e-35
decision_type=2 2 2 2 2 2 2 2 2 2 2 2 2 2 2 2 2 2 2 2 2 2 2 2 2 2 2 2 2 2
left_child=9 2 3 4 12 -4 18 8 10 22 20 27 -2 15 24 26 19 28 -7 -5 -8 -12 23 -1 -11 -3 -9 -6 -18 -16
right_child=1 25 5 16 11 6 7 13 -10 14 21 -13 -14 -15 29 -17 17 -19 -20 -21 -22 -23 -24 -25 -26 -27 -28 -29 -30 -31
leaf_value=0.089498229948872299 0.027027342202130992 -0.031822066035475424 -0.055715144345980905 0.058081530133088304 0.11185360887962738 0.11760439989244217 0.11877375621738542 0.030205932828073854 -0.098201677795977299 0.10213775542670227 -0.041733678423102591 -0.10301268876932895 -0.080747829087345124 0.11389586304896908 -0.13722353546359489 -0.013530422472551913 0.10282346313519389 -0.11046273137373308 -0.011324254968336882 -0.058542163098221918 -0.12913686053943901 0.033584237781042518 -0.076291235177620542 -0.033742570806387609 -0.096598054401884556 -0.096321216916248606 0.090603080559281554 -0.12918422789623038 0.01810795184179927 0.11774017967845536
leaf_weight=18.283150359988213 25.731016337871552 167.23092007637024 31.416360065340996 21.623104959726334 33.110378801822662 161.3273148983717 48.355725392699242 54.119626596570015 28.027245461940765 3.8521148264408103 32.53381060063839 8.5239679366350156 193.45636866986752 146.83816339075565 2.8893571943044654 31.703386008739471 80.101284444332123 6.4401392191648474 12.144215255975721 27.165037721395493 2.6995636820793143 155.03163905441761 28.920821771025658 26.189083591103554 429.41908612847328 45.176933452486992 156.89627425372601 2.6873513758182517 25.660826340317726 8.1886980086565
leaf_count=75 104 773 142 88 138 695 204 226 132 21 136 43 973 628 13 130 336 29 50 126 11 641 139 118 2341 213 658 12 107 35
internal_value=-0.000356006 0.0275408 0.0396154 -0.0112893 -0.0472373 0.0647102 0.0692702 0.0588789 0.0243442 -0.0810707 0.0387378 0.0559156 -0.0680958 0.0825175 -0.0911894 0.0635345 0.0475504 0.0712068 0.108578 -0.00685406 0.105665 0.0205201 -0.0198082 0.0169234 -0.0948311 -0.0455404 0.0751129 0.0937588 0.0822691 0.051241
internal_weight=2015.74 1498 1285.59 424.499 263.509 861.093 829.677 656.205 266.648 517.742 238.621 44.3217 219.187 389.557 444.349 242.719 160.99 112.202 173.472 48.7881 51.0553 187.565 73.3931 44.4722 433.271 212.408 211.016 35.7977 105.762 11.0781
internal_count=9337 6595 5609 1956 1270 3653 3511 2766 1124 2742 992 193 1077 1642 2410 1014 686 472 745 214 215 777 332 193 2362 986 884 150 443 48
is_linear=0
shrinkage=0.08


Tree=8
num_leaves=31
num_cat=0
split_feature=21 10 335 10 75 23 10 340 331 0 182 120 63 220 10 1 168 351 117 73 332 4 168 159 4 168 168 182 10 7
split_gain=626.274 179.187 224.15 121.687 86.0807 65.3194 54.6108 100.436 46.9527 39.3219 39.7725 37.8443 34.4803 32.4466 31.1661 30.2273 28.974 48.3115 28.4442 39.7906 25.8753 26.8746 24.4086 23.5017 22.8443 22.6053 22.3293 22.4265 22.1711 26.0665
threshold=-1.0000000180025095e-35 1258729216.0000002 6004.0000000000009 861951552.00000012 1.5000000000000002 -1.0000000180025095e-35 1510473856.0000002 4792.0000000000009 796.00000000000011 2609144.0000000005 -32505.999999999996 3714.0000000000005 9.5000000000000018 2350432.0000000005 1280679744.0000002 83232.000000000015 -6.5314552783966056 382.00000000000006 320.00000000000006 1.0000000180025095e-35 16512.000000000004 120.50000000000001 -7.2592484951019278 -7.5075144767761222 155.50000000000003 -6.6058397293090811 -7.0844006538391104 -1801.9999999999998 1266245888.0000002 1.0000000180025095e-35
decision_type=2 2 2 2 2 2 2 2 2 2 2 2 2 2 2 2 2 2 2 2 2 2 2 2 2 2 2 2 2 2
left_child=8 3 5 9 22 6 7 11 28 10 -2 -3 25 -10 -13 -12 -8 -18 19 -6 -16 -22 -5 -24 -17 -4 -9 -28 -1 -30
right_child=1 2 12 4 18 -7 16 26 13 -11 15 14 -14 -15 20 24 17 -19 -20 -21 21 -23 23 -25 -26 -27 27 -29 29 -31
leaf_value=-0.081713743713448306 -0.046350334314007265 0.097715168970266317 0.080634820364625603 0.065571096579130503 0.10853865770501528 -0.030451052373621761 0.10641547450295961 0.045452069014011859 -0.091974063786990495 -0.075971918330186239 -0.023448274340080798 -0.057466709871949816 -0.077604209725995535 0.048029220370233709 -0.061927834683082585 0.090289708439924107 0.082442835901786346 -0.026248479171294147 -0.10947023536581202 -0.02504849580970149 0.081714578069111102 0.013850637315726262 0.12518641719878415 -0.080688026392888204 -0.10085389662334039 -0.029988386710454173 0.013096772994878294 -0.088637096440976809 0.040042059810971989 -0.11295224096879779
leaf_weight=23.836118265986443 23.27434216439724 134.07279825210571 16.547786101698875 7.9573341459035865 33.40761236846447 47.988090857863426 218.37429396808147 17.639571592211723 411.90490239858627 17.631357595324516 20.04032364487648 18.019509002566338 89.506735786795616 10.873985111713408 11.795939490199087 108.09264251589775 145.49250191450119 31.912934228777885 7.9905529022216788 24.911186799407005 119.53306037187576 54.316096320748329 3.6105799525976172 207.18845665454865 4.155478596687316 41.398327738046646 20.351423695683479 43.530460357666016 39.67306387424469 8.6878077983856183
leaf_count=116 105 591 75 32 140 211 954 76 2362 80 91 74 434 48 50 466 627 134 42 106 503 224 16 1062 20 193 86 203 173 43
internal_value=-0.000367259 0.02586 0.0446775 -0.0156334 -0.0477664 0.0602519 0.0655923 0.0454724 -0.0781912 0.0372552 0.0500883 0.0647095 -0.0464775 -0.0883731 0.0429819 0.0670553 0.0869058 0.0628907 0.0320815 0.0514762 0.0527318 0.0605117 -0.0719698 -0.0771618 0.0832135 0.0016025 -0.0342256 -0.0562268 -0.0185666 0.0125573
internal_weight=1963.72 1468.74 1010.48 458.26 285.066 863.027 815.039 419.259 494.976 173.194 155.563 337.737 147.453 422.779 203.665 132.288 395.78 177.405 66.3094 58.3188 185.645 173.849 218.756 210.799 112.248 57.9461 81.5215 63.8819 72.197 48.3609
internal_count=9337 6595 4435 2160 1398 3733 3522 1807 2742 762 682 1442 702 2410 851 577 1715 761 288 246 777 727 1110 1078 486 268 365 289 332 216
is_linear=0
shrinkage=0.08


Tree=9
num_leaves=31
num_cat=0
split_feature=21 335 10 352 67 331 10 340 331 76 120 170 75 38 75 10 338 2 162 155 351 170 61 258 0 65 218 39 327 119
split_gain=553.293 156.824 189.937 109.048 62.0984 45.2631 65.5771 72.1869 44.1347 41.9135 40.2634 36.6817 34.2876 31.647 30.8611 35.8424 29.9447 29.3552 28.7693 28.549 26.4463 26.0481 24.0906 22.2154 22.0416 21.3896 20.6146 20.5839 20.5173 19.527
threshold=-1.0000000180025095e-35 5220.0000000000009 1258729216.0000002 5056.0000000000009 5.5000000000000009 934.00000000000011 1511337152.0000002 176760.00000000003 796.00000000000011 1.0000000180025095e-35 1311232.0000000002 3.692270159721375 1.5000000000000002 1.0000000180025095e-35 1.5000000000000002 703135552.00000012 5253120.0000000009 1.0000000180025095e-35 -6.6099226474761954 -7.7739014625549308 362.00000000000006 4.4892506599426278 3.5000000000000004 -1.0000000180025095e-35 4726728.0000000009 5.5000000000000009 -4509.4999999999991 -1.0000000180025095e-35 76.500000000000014 -5375.9999999999991
decision_type=2 2 2 2 2 2 2 2 2 2 2 2 2 2 2 2 2 2 2 2 2 2 2 2 2 2 2 2 2 2
left_child=8 2 3 10 5 13 7 9 27 -7 14 20 -5 -4 15 -2 23 -18 -17 -16 26 -11 29 -10 -23 -3 -8 28 -1 -14
right_child=1 25 4 12 -6 6 11 -9 16 21 -12 -13 22 -15 19 18 17 -19 -20 -21 -22 24 -24 -25 -26 -27 -28 -29 -30 -31
leaf_value=0.081898935558321354 0.13495415575643771 -0.028900534585222359 0.10988544998733106 -0.07266547957980854 -0.027141827714440007 -0.05752656861746637 0.085567385349292507 -0.08154947542016816 0.10079445414529817 0.017327381744233112 0.11261535821515221 0.088614028595687663 -0.084844209230054743 -0.04398470179887886 -0.020569164531758836 0.055565069455174657 0.12977431849142426 -0.10489731250502421 -0.036701427582514261 0.102052775013643 -0.093484465785483709 0.078522883439094346 -0.10021322983537123 -0.091785595700843048 -0.050621924747858663 -0.098132206956676862 -0.11113702453719528 -0.071423232214582522 -0.029463546257426702 0.10903668139336549
leaf_weight=18.127160370349884 10.632219761610029 170.9254644215107 148.22141122817993 147.70359516143799 52.593455731868744 25.274741679430008 19.755803480744362 34.954647690057755 3.8722968846559516 93.310943841934204 30.136899024248123 276.67898382246494 4.1858607828617158 9.0786522328853589 17.719629883766174 27.231349304318428 7.9820460081100446 5.9578491300344467 105.11356393992901 38.67146772146225 12.119480192661284 144.17646028101444 7.3054657131433478 384.06081789731979 8.9851298630237562 34.29085074365139 4.1210731863975552 27.617973849177361 25.458884194493294 16.159235194325447
leaf_count=75 46 812 682 782 235 106 85 170 21 387 137 1227 19 37 74 113 36 35 511 165 50 620 40 2318 37 174 17 139 118 69
internal_value=-0.000381112 0.0242883 0.0350564 -0.00986063 0.0569854 0.0626821 0.0529495 0.0266664 -0.0754383 0.0405861 0.0264312 0.0787306 -0.0573597 0.101005 0.0134034 -0.00636356 -0.0857237 0.0294767 -0.0177166 0.0635216 0.00276321 0.0506472 0.0244009 -0.0898633 0.0709467 -0.0404689 0.0516168 -0.0173878 0.0168514 0.069147
internal_weight=1912.42 1439.35 1234.13 404.859 829.271 776.677 619.377 306.702 473.077 271.747 229.505 312.675 175.354 157.3 199.368 142.977 401.873 13.9399 132.345 56.3911 35.9964 246.473 27.6506 387.933 153.162 205.216 23.8769 71.204 43.586 20.3451
internal_count=9337 6595 5609 1956 3653 3418 2699 1320 2742 1150 1046 1379 910 719 909 670 2410 71 624 239 152 1044 128 2339 657 986 102 332 193 88
is_linear=0
shrinkage=0.08


Tree=10
num_leaves=31
num_cat=0
split_feature=21 220 170 335 209 10 4 69 351 39 75 168 4 314 327 76 328 10 39 162 182 0 76 94 10 149 0 0 305 70
split_gain=490.114 142.855 118.041 78.1242 66.2091 64.9426 64.3594 54.3123 54.0079 48.278 45.4227 42.4261 41.7886 75.6374 51.7297 41.6914 33.052 33.3604 32.8372 32.7733 28.9671 31.8239 27.2267 26.8725 26.4782 24.473 22.621 22.5596 21.5587 20.6305
threshold=-1.0000000180025095e-35 842.00000000000011 5.0977873802185067 5220.0000000000009 -185015.99999999997 1511337152.0000002 137.50000000000003 819456.00000000012 738.00000000000011 -1.0000000180025095e-35 1.5000000000000002 -6.91760230064392 1.5000000000000002 1.0000000180025095e-35 76.500000000000014 1.0000000180025095e-35 5518.0000000000009 1258729216.0000002 -1.0000000180025095e-35 -6.6099226474761954 -22029.999999999996 1247384.5000000002 3.5000000000000004 -51711.999999999993 1266245888.0000002 -4.7284233570098868 130222.00000000001 1882927.5000000002 1.0000000180025095e-35 960.00000000000011
decision_type=2 2 2 2 2 2 2 2 2 2 2 2 2 2 2 2 2 2 2 2 2 2 2 2 2 2 2 2 2 2
left_child=12 9 4 5 7 6 15 -3 11 -2 -8 29 -1 14 24 -4 17 19 -19 27 21 -5 -22 -16 -14 -21 -7 -13 -15 -6
right_child=1 2 3 20 8 26 10 -9 -10 -11 -12 16 13 28 23 -17 -18 18 -20 25 22 -23 -24 -25 -26 -27 -28 -29 -30 -31
leaf_value=-0.0964934580324594 0.10140425322428109 0.089162086216099543 -0.074476108101286839 0.19797082777129801 -0.024593367640292123 -0.04007634002658806 -0.064577519242100395 -0.089996444128972466 -0.070745489292293767 -0.029212141764367407 0.089026990975523357 0.099465006432379113 -0.069881932138909628 0.039026292872340183 0.22473613552193994 0.065573418445315113 -0.088817773208773737 0.01957497356719682 -0.098356575035352445 0.071592860230561217 -0.06461430124039276 -0.025695450441637378 0.065516588818353691 -0.079328744414479499 0.079485373582019306 -0.058607029153039759 0.09653252308660383 -0.0980242839532771 0.27312055656636636 0.077454375247593105
leaf_weight=233.139499604702 169.41070093214512 65.534092634916306 14.791410163044928 7.1970920562744167 16.973543480038643 8.1093910187482816 60.36844989657402 12.973154947161673 104.77763968706131 20.278480306267738 15.480474919080732 16.741355076432232 11.241725727915762 4.656630665063858 1.8805981427431095 169.44629587233067 37.234106317162514 202.13029125332832 16.331658512353897 9.9008181691169721 67.578360840678215 9.3740481138229352 12.138242989778517 171.34668424725533 23.417928352952003 138.31171897053719 178.88098101317883 4.7528512179851523 5.481726869940756 50.11106276512146
leaf_count=1460 800 298 67 32 76 35 297 62 520 90 67 70 67 24 10 765 196 884 78 44 336 47 56 1042 110 709 828 20 29 218
internal_value=-0.000380687 0.0228586 0.01281 0.0405709 -0.00951156 0.0546486 0.0287954 0.0595565 -0.0185902 0.0874409 -0.0332274 -0.00749405 -0.0729486 -0.0477715 -0.0581772 0.0543296 -0.0168184 -0.00991208 0.0107587 -0.0365214 -0.0247937 0.0714461 -0.0447996 -0.0760277 0.0310387 -0.0499095 0.0906081 0.0557957 0.165599 0.0516346
internal_weight=1859.99 1408.83 1219.14 543.365 675.772 447.077 260.087 78.5072 597.265 189.689 75.8489 492.487 451.165 218.025 207.887 184.238 425.403 388.169 218.462 169.707 96.2877 16.5711 79.7166 173.227 34.6597 148.213 186.99 21.4942 10.1384 67.0846
internal_count=9337 6595 5705 2530 3175 2059 1196 360 2815 890 364 2295 2742 1282 1229 832 2001 1805 962 843 471 79 392 1052 177 753 863 90 53 294
is_linear=0
shrinkage=0.08


Tree=11
num_leaves=31
num_cat=0
split_feature=21 331 170 335 10 209 4 351 69 39 331 168 75 76 120 328 10 39 338 182 336 337 162 2 0 168 75 105 149 112
split_gain=433.942 126.504 100.765 68.8129 58.6518 55.4434 55.0444 48.1759 46.9828 44.7208 40.557 39.5681 39.0662 35.7175 33.3648 27.9012 29.5205 26.9118 25.6426 24.9951 25.4444 24.2219 24.1264 24.0539 23.9761 26.1474 22.6382 24.0969 22.2617 21.2462
threshold=-1.0000000180025095e-35 842.00000000000011 5.0977873802185067 5220.0000000000009 1511337152.0000002 -185015.99999999997 137.50000000000003 738.00000000000011 819456.00000000012 -1.0000000180025095e-35 796.00000000000011 -6.91760230064392 1.5000000000000002 1.0000000180025095e-35 606.00000000000011 5518.0000000000009 1258729216.0000002 -1.0000000180025095e-35 5253120.0000000009 -22029.999999999996 1263616.0000000002 14.000000000000002 -6.6099226474761954 1.0000000180025095e-35 3939904.0000000005 -5.9693613052368155 1.5000000000000002 -479487.99999999994 -4.7284233570098868 -145151.99999999997
decision_type=2 2 2 2 2 2 2 2 2 2 2 2 2 2 2 2 2 2 2 2 2 2 2 2 2 2 2 2 2 2
left_child=10 9 5 4 6 8 13 11 -3 -2 -1 -7 -8 -4 -13 16 22 24 29 20 -5 -21 -16 -20 25 -18 -27 -28 -24 -12
right_child=1 2 3 19 -6 7 12 -9 -10 -11 18 14 -14 -15 15 -17 17 -19 23 21 -22 -23 28 -25 -26 26 27 -29 -30 -31
leaf_value=-0.01392002766229564 0.097221831260538336 0.083822029960617814 -0.070064623184367361 0.1736283458841186 0.086250295420875478 0.050228374989095624 -0.06058879538545478 -0.066838006827033891 -0.085372135254045592 -0.029749056297160563 0.22242154655186164 0.12015275590742538 0.082598887683846434 0.060908290511145671 0.045067336339024322 -0.087117997663495872 0.053169240609463743 -0.093599942459503468 0.12008274958509288 0.0028357971101281676 -0.024170093908988891 -0.086440527391265148 0.066251187478812659 -0.10091132361024206 -0.10290966952256919 -0.02723526096332481 -0.098104170742391722 0.11188283494643367 -0.058394132581971604 -0.086553058723961171
leaf_weight=68.171108856797218 163.1038783788681 63.202869117259979 14.478040635585783 7.5471261441707638 180.79892958700657 67.751742973923683 59.242816999554634 102.49175591766834 12.597448930144308 19.921838849782944 1.430199310183524 11.269782081246374 15.355445712804793 167.46178279817104 19.462913975119591 35.539190843701363 87.949621960520744 15.810321897268294 7.6549314558505994 37.8996442258358 9.280364125967024 39.953808814287186 9.8454356044530851 5.3587350398302078 10.46182958781719 76.245531544089317 4.4499016106128719 16.341099992394447 133.74459385871887 347.88464669883251
leaf_count=332 801 292 67 32 862 300 297 521 62 89 7 49 67 764 83 194 388 78 36 182 47 209 44 35 45 328 20 71 703 2332
internal_value=-0.000393108 0.0214514 0.0119962 0.0379653 0.0513523 -0.00871231 0.0267574 -0.016969 0.0557032 0.0834014 -0.0705293 -0.00651402 -0.0311148 0.050486 -0.015643 -0.019377 -0.0129453 0.00679222 -0.0811802 -0.0238703 0.0645425 -0.0429801 -0.0385181 0.0290824 0.0149132 0.0215767 -0.00705747 0.0669393 -0.0498477 -0.085288
internal_weight=1812.71 1382.21 1199.18 532.018 437.337 667.164 256.538 591.364 75.8003 183.026 430.5 488.872 74.5983 181.94 421.12 409.85 374.311 211.258 362.329 94.6809 16.8275 77.8535 163.053 13.0137 195.448 184.986 97.0365 20.791 143.59 349.315
internal_count=9337 6595 5705 2527 2057 3178 1195 2824 354 890 2742 2303 364 831 2003 1954 1760 930 2410 470 79 391 830 71 852 807 419 91 747 2339
is_linear=0
shrinkage=0.08


Tree=12
num_leaves=31
num_cat=0
split_feature=21 331 170 335 10 328 10 67 4 4 314 327 39 0 75 168 49 351 120 331 94 329 75 149 337 209 76 10 0 168
split_gain=384.079 111.919 87.2529 59.777 52.782 48.2015 48.8605 49.6024 47.2233 40.2355 63.1865 44.5277 39.8927 36.6887 33.6324 33.2008 31.5981 31.1761 26.3467 24.071 22.8778 21.9701 21.9472 21.8758 21.6606 23.3709 23.1593 21.595 20.8104 19.8479
threshold=-1.0000000180025095e-35 842.00000000000011 5.0977873802185067 5220.0000000000009 1511337152.0000002 5518.0000000000009 1258729216.0000002 5.5000000000000009 137.50000000000003 1.5000000000000002 1.0000000180025095e-35 76.500000000000014 -1.0000000180025095e-35 2852864.0000000005 1.5000000000000002 -6.1914625167846671 -1.0000000180025095e-35 438.00000000000006 119040.00000000001 139274.00000000003 -51711.999999999993 9192.0000000000018 1.5000000000000002 -4.4259128570556632 16146.000000000002 -55841.499999999993 3.5000000000000004 1266245888.0000002 130222.00000000001 -6.6901452541351309
decision_type=2 2 2 2 2 2 2 2 2 2 2 2 2 2 2 2 2 2 2 2 2 2 2 2 2 2 2 2 2 2
left_child=9 12 5 4 8 6 17 13 16 -1 11 27 -2 15 -10 18 19 21 -8 -4 -13 23 -19 -3 26 -26 -5 -11 -6 -25
right_child=1 2 3 24 28 -7 7 -9 14 10 -12 20 -14 -15 -16 -17 -18 22 -20 -21 -22 -23 -24 29 25 -27 -28 -29 -30 -31
leaf_value=-0.092780476049642666 0.092950045991867875 0.10901363161046117 -0.093048198104778795 -0.058863174931441151 -0.043203933946670131 -0.078961877783183518 0.067708772649776747 -0.064790403131566393 -0.056850449540087215 -0.064633881066870721 0.14772129877328691 0.19834688568697359 -0.027546027220815148 -0.068459371161862959 0.076812071875247939 0.0018084498119060877 0.059193702670051342 -0.086015261203234078 -0.022908319460461235 0.10921354235482657 -0.074312519348047681 -0.11927350064690555 0.036505189553048968 0.070740482665038518 -0.090317446644230706 0.12796215447820819 0.058626745219766858 0.074444431149959231 0.088169447462982595 -0.021757638457792189
leaf_weight=208.72393901646137 157.19675117731094 10.850659668445585 15.988760948181154 65.048656702041626 8.0910629481077176 56.278113231062889 159.61024217307568 42.45633639395237 58.134311452507973 10.395710706710814 10.568709686398504 1.9946056008338917 19.799158051609993 23.818707078695297 15.197800993919371 119.2264729142189 158.86586582660675 71.346647426486015 23.566484794020653 4.925862953066825 156.38921910524368 10.650357753038405 10.76952290534973 17.154853597283363 4.4187289476394644 10.841788142919539 12.860396623611448 22.851698145270348 166.90414193272591 110.34457939863205
leaf_count=1460 801 48 74 340 35 304 731 213 297 67 53 10 89 106 67 515 735 417 108 22 1042 52 48 73 23 49 58 110 827 563
internal_value=-0.000396484 0.0201582 0.0112414 0.035674 0.0483121 -0.00817124 -0.00152903 0.0165493 0.0249554 -0.0681417 -0.042708 -0.0532105 0.0794711 0.0271354 -0.0291494 0.0346648 0.0470246 -0.0303677 0.0560505 -0.045411 -0.0708788 -0.00855521 -0.0699467 -3.19843e-05 -0.0223974 0.0647586 -0.0394692 0.0309578 0.0820953 -0.00931216
internal_weight=1765.27 1354.35 1177.35 521.277 428.108 656.073 599.795 368.678 253.113 410.924 202.2 191.631 176.996 326.222 73.3321 302.403 179.78 231.117 183.177 20.9146 158.384 149 82.1162 138.35 93.1696 15.2605 77.9091 33.2474 174.995 127.499
internal_count=9337 6595 5705 2527 2057 3178 2874 1673 1195 2742 1282 1229 890 1460 364 1354 831 1201 839 96 1052 736 465 684 470 72 398 177 862 636
is_linear=0
shrinkage=0.08


Tree=13
num_leaves=31
num_cat=0
split_feature=21 10 335 352 42 4 314 327 66 340 10 351 4 0 209 332 1 0 75 218 63 75 1 0 76 329 212 61 94 10
split_gain=340.58 100.405 122.65 74.834 47.9873 38.4564 53.1662 39.7562 37.8419 65.1073 44.5702 43.8674 32.0568 39.0587 35.2996 31.7856 36.2717 29.9052 26.9337 26.3503 25.6988 24.3947 23.9802 23.9278 29.442 29.1537 26.4832 21.8235 19.2655 18.5719
threshold=-1.0000000180025095e-35 1258729216.0000002 6004.0000000000009 5056.0000000000009 -1.4999999999999998 1.5000000000000002 1.0000000180025095e-35 76.500000000000014 1.0000000180025095e-35 16680.000000000004 1524875712.0000002 1054.0000000000002 63.500000000000007 61486.500000000007 -108363.99999999999 608256.00000000012 1763328.0000000002 1882927.5000000002 1.5000000000000002 -1931667.9999999998 9.5000000000000018 1.5000000000000002 88064.000000000015 3939904.0000000005 1.5000000000000002 322.00000000000006 -37491.999999999993 3.5000000000000004 -51711.999999999993 1266245888.0000002
decision_type=2 2 2 2 2 2 2 2 2 2 2 2 2 2 2 2 2 2 2 2 2 2 2 2 2 2 2 2 2 2
left_child=5 3 4 15 -3 -1 7 29 9 12 -11 -10 13 22 17 16 23 -14 -16 -15 -4 -5 -6 24 -2 -26 -27 -23 -9 -7
right_child=1 2 20 21 8 6 -8 28 11 10 -12 -13 14 19 18 -17 -18 -19 -20 -21 -22 27 -24 -25 25 26 -28 -29 -30 -31
leaf_value=-0.090949200216642961 -0.032352695660332977 -0.052928697372828272 0.0047972957777897181 -0.065887084476962038 0.032637671848079711 -0.061842699832839569 0.12944232376366399 0.17104221979868045 0.093268871044737009 -0.052759776513608553 0.074547513441258137 -0.043352356132945087 0.087141644903686241 -0.066684266269169068 -0.03851591146388985 -0.040342432163482905 0.1144669793597039 -0.032835729181541866 0.049594250867704325 0.087281035955206226 -0.065966678182840327 0.057914995112284762 -0.10478355748847935 -0.10923236671024583 0.11105019710473847 0.055536420227310791 -0.042424803655041733 -0.098611895647506359 -0.071719834347221692 0.068951479094704088
leaf_weight=196.39734746515751 42.762218505144119 30.118840157985687 56.270510390400887 149.12216383218765 39.470667824149132 10.011778891086577 11.072794467210768 2.1219040602445594 170.52258786559105 70.647307887673378 23.439688354730606 16.496413812041283 67.633288502693176 7.345015972852706 62.567773312330246 50.955348238348961 28.24263559281826 16.549773707985878 34.417561233043671 226.27940580248833 78.896852925419807 20.700863867998127 10.234048530459402 9.1877575069665891 31.351024836301804 47.785097748041153 28.017917230725288 7.8671864271163932 149.37075375020504 22.704493805766106
leaf_count=1460 235 143 268 871 178 67 53 10 868 343 104 73 328 32 271 240 142 72 156 1121 434 94 44 42 141 216 132 47 1042 110
internal_value=-0.000403787 0.0189456 0.0338173 -0.0136188 0.0460712 -0.0659531 -0.0408142 -0.0510483 0.0500703 0.0396418 -0.021044 0.0812179 0.0519342 0.0687398 0.0256519 0.015681 0.0309185 0.063555 -0.00724792 0.0824405 -0.0365075 -0.0529131 0.00434306 0.0160877 0.0237681 0.0461643 0.0193285 0.01481 -0.0683196 0.0289261
internal_weight=1718.56 1326.88 910.89 415.992 775.722 391.679 195.282 184.209 745.604 558.585 94.087 187.019 464.498 283.329 181.168 238.302 187.347 84.1831 96.9853 233.624 135.167 177.69 49.7047 159.104 149.916 107.154 75.803 28.5681 151.493 32.7163
internal_count=9337 6595 4435 2160 3733 2742 1282 1229 3590 2649 447 941 2202 1375 827 1148 908 400 427 1153 702 1012 222 766 724 489 348 141 1052 177
is_linear=0
shrinkage=0.08


Tree=14
num_leaves=31
num_cat=0
split_feature=21 220 170 335 10 340 168 331 39 0 351 169 76 332 69 340 1 305 209 218 338 4 76 0 112 337 159 76 2 182
split_gain=302.445 93.4049 75.1334 59.4264 63.9917 53.1598 39.9181 37.6578 32.7713 32.1836 32.0582 31.0827 34.539 28.1457 30.0791 27.9025 28.2809 23.6394 22.5311 22.1392 21.2791 19.629 20.932 19.2218 18.9929 18.9904 22.444 22.2964 18.7318 18.6805
threshold=-1.0000000180025095e-35 842.00000000000011 4.4892506599426278 5356.0000000000009 1511337152.0000002 176760.00000000003 -6.6109015941619864 690.00000000000011 -1.0000000180025095e-35 4726728.0000000009 594.00000000000011 -5.0639846324920645 1.5000000000000002 74896.000000000015 184576.00000000003 129984.00000000001 165888.00000000003 1.5000000000000002 -185015.99999999997 -942690.49999999988 5253120.0000000009 83.500000000000014 1.0000000180025095e-35 3939904.0000000005 -276991.99999999994 15528.000000000002 -4.7314012050628653 3.5000000000000004 1.0000000180025095e-35 -38169.999999999993
decision_type=2 2 2 2 2 2 2 2 2 2 2 2 2 2 2 2 2 2 2 2 2 2 2 2 2 2 2 2 2 2
left_child=7 8 6 4 5 9 15 -1 29 11 13 -4 18 -8 23 16 -3 20 -13 -18 24 22 -20 -15 -9 27 -27 -5 -22 -2
right_child=1 2 3 25 -6 -7 10 17 -10 -11 -12 12 -14 14 -16 -17 19 -19 21 -21 28 -23 -24 -25 -26 26 -28 -29 -30 -31
leaf_value=-0.0038996386629528037 -0.24088424344781853 -0.028913753602262525 -0.047273790667543357 -0.056799591302717216 0.074407310616714073 -0.075868613865708506 -0.046710396797275858 0.21633477620475144 -0.023112283290055404 -0.073168524661694281 -0.069060312399728277 0.095911677564908968 0.063971473080059613 0.050326575848974903 -0.032660300404210411 -0.054089581285850494 -0.063763789347907412 0.24336446671916956 -0.060338418234523856 0.085570996127001725 0.11106867520895407 -0.051186409507105235 0.054061787970337234 -0.11582943017093518 -0.081572527003495293 -0.080238795659426265 0.10991705119229424 0.044888832690932842 -0.096565056025199256 0.0891450417908832
leaf_weight=56.820273667573929 1.1059535890817631 24.987807765603065 27.508747220039368 81.067260220646858 194.98455658555031 35.18935027718544 100.32608260214329 1.3758897781372059 19.73441968858242 19.092167884111404 93.979848951101303 15.348342448472975 172.85752367973328 76.604493841528893 63.9709282964468 23.066972494125366 7.0750106722116461 1.4890686124563206 13.977421119809149 62.310162499547005 7.1080299317836744 39.711024910211563 38.242272302508354 4.7311699837446204 301.79479026794434 5.8305384814739254 12.465527758002279 16.63074854016304 4.5677023231983185 146.21574676036835
leaf_count=289 5 131 128 438 1009 203 520 6 90 89 512 74 846 364 297 115 31 7 65 303 36 213 181 22 2369 31 58 75 35 795
internal_value=-0.000395497 0.0178647 0.00960997 0.0266112 0.0374612 0.0175568 -0.0154205 -0.0638642 0.0736992 0.0276187 -0.0293235 0.0338734 0.0418419 -0.0141201 0.00838175 0.0247841 0.0440626 -0.0746351 0.00618472 0.0703437 -0.0761391 -0.0087957 0.0234408 0.0406615 -0.0802205 -0.0254816 0.0493187 -0.0394896 0.0298396 0.0866675
internal_weight=1670.17 1297.01 1129.96 672.905 556.911 361.927 457.052 373.156 167.056 326.737 339.613 307.645 280.137 245.633 145.307 117.44 94.373 316.335 107.279 69.3852 314.846 91.9307 52.2197 81.3357 303.171 115.994 18.2961 97.698 11.6757 147.322
internal_count=9337 6595 5705 3410 2808 1799 2295 2742 890 1596 1715 1507 1379 1203 683 580 465 2453 533 334 2446 459 246 386 2375 602 89 513 71 800
is_linear=0
shrinkage=0.08


Tree=15
num_leaves=31
num_cat=0
split_feature=21 10 335 352 42 4 314 327 66 340 351 10 4 0 209 332 1 0 10 75 218 10 119 1 314 69 141 168 351 209
split_gain=268.068 83.5146 95.354 62.0116 40.1016 36.8833 43.0665 34.3927 32.9262 52.7539 37.4579 36.103 27.9104 32.8075 28.6811 26.3365 31.9832 25.4148 22.7003 22.4052 22.2842 21.5634 25.2624 19.976 19.7426 18.9323 18.3582 22.743 17.5224 17.2471
threshold=-1.0000000180025095e-35 1258729216.0000002 6004.0000000000009 5056.0000000000009 -1.4999999999999998 1.5000000000000002 1.0000000180025095e-35 78.500000000000014 1.0000000180025095e-35 16680.000000000004 1054.0000000000002 1524875712.0000002 63.500000000000007 61486.500000000007 -108363.99999999999 608256.00000000012 1763328.0000000002 1882927.5000000002 1490966400.0000002 1.5000000000000002 -1931667.9999999998 861951552.00000012 -1.0000000180025095e-35 243712.00000000003 1.0000000180025095e-35 37120.000000000007 5.8057656288146982 -6.599156141281127 94.000000000000014 -43743.999999999993
decision_type=2 2 2 2 2 2 2 2 2 2 2 2 2 2 2 2 2 2 2 2 2 2 2 2 2 2 2 2 2 2
left_child=5 3 4 15 -3 -1 7 28 9 12 -10 -11 13 23 17 16 24 -14 -4 -16 -15 22 -5 -6 25 -2 -9 -28 -7 -30
right_child=1 2 18 21 8 6 -8 26 10 11 -12 -13 14 20 19 -17 -18 -19 -20 -21 -22 -23 -24 -25 -26 -27 27 -29 29 -31
leaf_value=-0.087982586456665374 -0.054677252935584612 -0.049864640012936667 0.010232984579284288 -0.063540402624831419 0.021686803184767053 0.11245948722961795 0.11414432500952942 -0.075076512746146642 0.087509501330265152 -0.048345198460575167 -0.040286871668377175 0.067951436140824731 0.080664502520298179 -0.060715650487771493 -0.035528128726484406 -0.037855053534530531 0.10968976065145075 -0.031225857141400859 -0.058613120439044784 0.045469863795063098 0.081278387838492588 -0.061625978574009005 0.10215600664738281 -0.1444512346455451 0.06744335931622121 0.017504363833036198 0.097731353252940578 -0.095131001122200784 0.097794523951924367 -0.056237160456695384
leaf_weight=174.74137969315052 31.445527330040932 29.334524944424629 49.429518148303032 11.562881052494049 43.667866721749306 10.389885529875754 11.386945337057112 120.41141444444656 158.89632061123848 68.930006295442581 16.172690376639366 22.71339738368988 63.529144987463951 7.3172399401664725 62.29920557141304 50.035381644964218 26.074951380491257 16.332239404320717 80.684825867414474 33.668288111686707 212.37960992753506 146.04671503603458 12.000529676675797 5.1813979893922797 34.349459156394005 89.293144375085831 9.2409250959754008 6.7874529138207427 6.4825833290815345 16.47896966338158
leaf_count=1460 168 143 245 60 200 54 53 923 868 343 73 104 328 32 271 240 142 72 457 156 1121 893 59 22 159 439 60 53 32 107
internal_value=-0.000391841 0.0167883 0.0307012 -0.0134296 0.0418003 -0.0617595 -0.036468 -0.0465688 0.0455817 0.0357436 0.0757038 -0.0195216 0.0471409 0.063364 0.0223631 0.0135225 0.0277124 0.0577821 -0.032459 -0.00711159 0.0765491 -0.0501683 0.0208466 0.00406469 0.0139295 -0.00129482 -0.0643701 0.0160609 0.0262559 -0.0127504
internal_weight=1627.26 1271.34 870.536 400.809 740.422 355.92 181.178 169.791 711.087 536.018 175.069 91.6434 444.375 268.546 175.829 231.198 181.163 79.8614 130.114 95.9675 219.697 169.61 23.5634 48.8493 155.088 120.739 136.44 16.0284 33.3514 22.9616
internal_count=9337 6595 4435 2160 3733 2742 1282 1229 3590 2649 941 447 2202 1375 827 1148 908 400 702 427 1153 1012 119 222 766 607 1036 113 193 139
is_linear=0
shrinkage=0.08


Tree=16
num_leaves=31
num_cat=0
split_feature=21 220 170 335 10 340 331 168 149 38 0 169 76 340 1 351 0 329 76 0 1 2 218 209 220 109 351 10 10 346
split_gain=238.338 77.6176 61.1465 46.1014 52.6267 43.3731 35.22 32.6936 28.8479 28.5038 27.2148 26.3034 27.4039 23.3617 22.7858 21.9441 26.4223 21.0524 21.8106 19.5274 51.7575 21.2244 19.5075 18.8428 17.098 17.4657 17.7301 16.7875 20.3661 19.7369
threshold=-1.0000000180025095e-35 842.00000000000011 4.4892506599426278 5356.0000000000009 1511337152.0000002 176760.00000000003 796.00000000000011 -6.6109015941619864 -4.3519568443298331 1.0000000180025095e-35 4726728.0000000009 -5.0639846324920645 1.5000000000000002 249524.00000000003 288768.00000000006 738.00000000000011 53277.000000000007 1414.5000000000002 3.5000000000000004 326916.50000000006 276480.00000000006 1.0000000180025095e-35 -942690.49999999988 -185015.99999999997 2426.0000000000005 -1567.9999999999998 490.00000000000006 1266245888.0000002 1422338816.0000002 450638.00000000006
decision_type=2 2 2 2 2 2 2 2 2 2 2 2 2 2 2 2 2 2 2 2 2 2 2 2 2 2 2 2 2 2
left_child=6 9 7 4 5 10 27 13 -9 -2 11 -4 23 14 -3 16 -10 18 24 -8 -21 -22 -16 -13 -18 26 -26 -1 -29 -30
right_child=1 2 3 -5 -6 -7 19 8 15 -11 -12 12 -14 -15 22 -17 17 -19 -20 20 21 -23 -24 -25 25 -27 -28 28 29 -31
leaf_value=-0.06741060456167923 0.080592994417726521 -0.011845589756317361 -0.044610593964442946 -0.022565257083095678 0.068606108882411573 -0.07140271060148648 -0.085286124071549632 0.086188390833974005 -0.065736646632490889 -0.028623314867033213 -0.069132684409446116 0.089669932542138467 0.058330419527344128 -0.068229918560240355 -0.058050401886198318 -0.075716803494368753 -0.046791670547708338 -0.065443430717323614 0.12083990718663218 0.41986418738198666 0.016612835145464949 -0.075374643894117743 0.084183635490442374 -0.0077539386725346453 0.084438305506615713 -0.01516972396063276 -0.017343562786593249 0.12126735072680733 -0.043398577676759684 0.10244346230899973
leaf_weight=19.226816341280937 138.9233932197094 37.536512985825539 27.044844552874565 112.44672633707523 182.69162152707577 33.174949437379837 199.62072230875492 13.727263212203978 65.838981509208679 17.185382306575775 18.599399864673615 14.801729008555411 166.07942785322666 15.658008545637129 6.9843610823154441 60.242968909442425 40.486620485782623 32.615795060992241 9.784677639603613 1.5489930808544148 23.11150049418211 52.563032768666744 53.011122658848763 89.719870433211327 32.040008306503296 58.691224336624146 16.643139451742172 10.194836840033529 24.694193080067635 7.8191851228475562
leaf_count=116 811 197 128 602 1009 203 1786 64 355 79 89 74 846 82 31 353 214 158 45 12 163 449 270 459 156 280 90 48 132 36
internal_value=-0.000383166 0.015818 0.00824783 0.0239766 0.0338119 0.0156201 -0.0598707 -0.0146239 -0.027347 0.0685698 0.024749 0.0306155 0.0381339 0.0224776 0.03704 -0.0322737 -0.0220545 -0.00693847 0.0051658 -0.0720711 -0.0379108 -0.0472811 0.0676255 0.00604265 -0.00248892 0.0142159 0.0496425 -0.00533557 0.02261 -0.00832483
internal_weight=1582.71 1243.93 1087.82 644.559 532.112 349.42 338.779 443.261 330.071 156.109 316.245 297.646 270.601 113.19 97.532 316.343 256.1 190.261 157.646 276.844 77.2235 75.6745 59.9955 104.522 147.861 107.374 48.6831 61.935 42.7082 32.5134
internal_count=9337 6595 5705 3410 2808 1799 2742 2295 1715 890 1596 1507 1379 580 498 1651 1298 943 785 2410 624 612 301 533 740 526 246 332 216 168
is_linear=0
shrinkage=0.08


Tree=17
num_leaves=31
num_cat=0
split_feature=21 10 335 352 329 4 314 219 340 0 118 348 218 351 141 168 330 1 339 63 120 118 75 314 10 162 0 120 64 0
split_gain=211.544 69.8738 75.0241 51.5316 35.276 34.9967 36.625 32.7511 30.8183 37.6655 30.7237 27.0254 26.4855 26.2029 23.7294 23.2385 23.1126 28.1198 22.6265 21.3472 20.3956 19.8908 19.5614 19.1848 19.5977 18.2946 21.0797 18.2628 17.9746 21.8914
threshold=-1.0000000180025095e-35 1258729216.0000002 6004.0000000000009 5056.0000000000009 87.500000000000014 1.5000000000000002 1.0000000180025095e-35 -3561.9999999999995 135952.00000000003 94284.000000000015 -2015.9999999999998 210400.00000000003 -1147401.4999999998 334.00000000000006 5.8057656288146982 -6.5523567199707022 779080.00000000012 1763328.0000000002 66.000000000000014 9.5000000000000018 3887360.0000000005 -206079.99999999997 1.5000000000000002 1.0000000180025095e-35 703135552.00000012 -6.6099226474761954 1882927.5000000002 3714.0000000000005 1.0000000180025095e-35 2401556.0000000005
decision_type=2 2 2 2 2 2 2 2 2 2 2 2 2 2 2 2 2 2 2 2 2 2 2 2 2 2 2 2 2 2
left_child=5 3 4 16 8 -1 10 15 9 -3 14 -10 -9 -11 20 -6 17 23 28 -4 -7 -15 -5 24 -2 26 -26 -18 29 -14
right_child=1 2 19 22 7 6 -8 12 11 13 -12 -13 18 21 -16 -17 27 -19 -20 -21 -22 -23 -24 -25 25 -27 -28 -29 -30 -31
leaf_value=-0.085361112691950083 0.11049432900584595 -0.021455993126769966 0.0086709832967362087 -0.059803410683967925 0.087771989796318922 -0.069561633648055773 0.10501430224701951 -0.055324449117024922 -0.068509385261321831 0.06959142138109066 0.11900437585969117 0.08959231956325385 0.060333836818155073 -0.086112891209563711 0.02985086853708371 -0.040440815189013588 0.093018865731640393 0.10408209700956973 -0.052275048837983944 -0.057754413831815156 0.095237513311838801 0.045972413235260134 0.015128276430698846 0.063246807499656582 0.086349791344571367 -0.027931617213261775 -0.086277863562706211 -0.071012268447417967 0.087073885246115312 -0.019952662074166596
leaf_weight=154.97335721552372 9.0343079715967161 66.660963445901871 54.704193741083145 135.91936020553112 11.896743953227995 124.17029745131731 11.519199863076208 12.534469753503798 41.486764192581177 109.93460591137409 7.1680833697319022 8.3047147542238218 199.12482850253582 13.652554735541345 20.304470986127853 37.775973439216614 5.0669281482696524 23.771895170211792 10.631123721599577 71.347851157188416 4.9997767955064765 15.673181161284445 26.67266546189785 35.407808691263199 20.233329355716709 95.042401894927025 5.8320252001285544 30.448970288038254 154.23491829633713 24.398701831698418
leaf_count=1460 45 308 268 871 65 1028 53 59 235 568 34 43 1049 60 138 166 22 141 50 434 29 73 141 167 91 505 25 152 940 117
internal_value=-0.000383041 0.0148634 0.0279264 -0.0132016 0.0380728 -0.0579361 -0.032662 0.0515412 0.0143399 0.0279966 -0.0427865 -0.0421396 0.0591328 0.0516685 -0.0505452 -0.00973352 0.0116095 0.0227189 0.0628267 -0.0289271 -0.0631828 -0.0155197 -0.0475111 0.0110357 -0.00316945 -0.0116485 0.047725 -0.0476105 0.066066 0.0515702
internal_weight=1542.93 1219.79 832.362 387.43 706.31 323.135 168.162 450.597 255.713 205.921 156.643 49.7915 400.924 139.26 149.475 49.6727 224.838 189.322 388.39 126.052 129.17 29.3257 162.592 165.55 130.142 121.108 26.0654 35.5159 377.758 223.524
internal_count=9337 6595 4435 2160 3733 2742 1282 2446 1287 1009 1229 278 2215 701 1195 231 1148 974 2156 702 1057 133 1012 833 666 621 116 174 2106 1166
is_linear=0
shrinkage=0.08


Tree=18
num_leaves=31
num_cat=0
split_feature=21 331 170 346 75 4 2 10 328 209 39 155 168 39 75 332 10 120 209 332 351 314 335 73 331 67 168 340 10 340
split_gain=187.9 64.5547 48.8977 37.1168 36.3167 33.4603 33.3245 45.1019 32.6904 31.005 27.0053 25.5817 25.1057 24.7967 28.5104 34.2105 24.3536 23.9578 22.0517 21.1281 20.9426 20.5118 19.3025 18.94 17.5009 18.8422 20.2243 17.3297 16.7176 18.8073
threshold=-1.0000000180025095e-35 842.00000000000011 5.0977873802185067 189000.00000000003 1.5000000000000002 1.5000000000000002 1.0000000180025095e-35 1266245888.0000002 5518.0000000000009 -283374.99999999994 -1.0000000180025095e-35 -7.7280378341674796 -6.7408936023712149 -1.0000000180025095e-35 1.5000000000000002 1042432.0000000001 1258729216.0000002 468992.00000000006 -86773.999999999985 1935360.0000000002 438.00000000000006 1.0000000180025095e-35 6840.0000000000009 1.0000000180025095e-35 171568.00000000003 5.5000000000000009 -5.9693613052368155 16258.000000000002 1289000896.0000002 4100.0000000000009
decision_type=2 2 2 2 2 2 2 2 2 2 2 2 2 2 2 2 2 2 2 2 2 2 2 2 2 2 2 2 2 2
left_child=5 10 8 4 12 -1 7 -7 9 19 -2 -6 27 14 16 23 20 -5 -19 -3 -11 -8 -9 -16 25 26 -18 -4 -14 -30
right_child=1 2 3 17 11 6 21 22 -10 13 -12 -13 28 -15 15 -17 24 18 -20 -21 -22 -23 -24 -25 -26 -27 -28 -29 29 -31
leaf_value=-0.083975452089444472 0.077698226787063063 0.089830195781145414 0.09150661894588763 0.011963367643324594 -0.045041502552263787 -0.058652765222184426 -0.066846627044701276 0.096377297790491367 -0.071006789750048246 -0.016033098014658981 -0.024578699084862196 0.08595788840026726 -0.047369666576576541 -0.07491167080166708 0.1122209596800347 -0.047934923949566131 0.039764287086764279 -0.08410383891923788 0.092160042244398985 -0.023890825984447372 -0.078727119268710691 0.16947427904960055 -0.083656252462696173 0.023710690289380835 -0.062528060788864762 -0.059538656192532118 -0.015386823522790884 -0.0064711261434341905 0.026637882617150565 -0.03425427419400065
leaf_weight=145.32316559553146 125.16803492605686 36.218304812908173 27.227037191390991 43.66931676864624 11.498843863606451 30.392557546496391 94.545533411204815 31.006929479539394 48.45609150826931 96.304862827062607 19.035081475973129 56.019193962216377 67.305250965058804 33.601142182946205 31.558129504323006 21.685522451996803 114.4764402359724 4.7798710018396369 91.472540587186813 14.699373349547384 52.794014886021614 2.4105407744646064 4.3455736935138694 30.357056885957718 23.154935717582703 21.736367374658585 67.732876777648926 20.070237040519714 78.644946545362473 55.28125636279583
leaf_count=1460 801 211 145 218 60 244 824 170 304 528 89 300 383 202 151 103 557 25 597 76 378 11 33 137 115 121 295 109 400 290
internal_value=-0.000372467 0.0140105 0.00710979 0.0268057 0.0116186 -0.0560764 -0.0311571 0.0128104 -0.00804053 -0.00243518 0.0641975 0.0636477 -0.00251615 -0.00856875 -0.00372057 0.0385377 -0.0131114 0.0611094 0.0834068 0.0570002 -0.0382323 -0.0609712 0.0742473 0.0688243 0.00338129 0.0108643 0.0192629 0.0499305 -0.0148432 0.00150318
internal_weight=1500.97 1192.95 1048.74 455.968 316.047 308.024 162.701 65.7451 592.775 544.319 144.203 67.518 248.529 493.401 459.8 83.6007 376.199 139.922 96.2524 50.9177 149.099 96.9561 35.3525 61.9152 227.101 203.946 182.209 47.2973 201.231 133.926
internal_count=9337 6595 5705 2527 1687 2742 1282 447 3178 2874 890 360 1327 2587 2385 391 1994 840 622 287 906 835 203 288 1088 973 852 254 1073 690
is_linear=0
shrinkage=0.08


Tree=19
num_leaves=31
num_cat=0
split_feature=21 220 10 335 149 76 331 75 181 170 328 0 159 332 39 351 117 10 170 141 219 182 329 4 314 220 0 329 94 67
split_gain=166.806 57.4817 45.8642 52.3776 43.6555 36.7763 32.2614 29.4856 29.5688 28.0455 32.8273 27.1921 26.5761 25.5732 22.6996 21.8124 21.676 20.9833 20.2234 20.1245 19.9591 19.8446 18.8596 18.8009 26.7997 18.4094 18.1395 21.0987 17.9756 17.5877
threshold=-1.0000000180025095e-35 842.00000000000011 1280679744.0000002 6004.0000000000009 -4.0969135761260977 1.0000000180025095e-35 796.00000000000011 1.5000000000000002 -63487.999999999993 5.385958433151246 197832.00000000003 7515005.0000000009 -4.8753433227539054 968704.00000000012 -1.0000000180025095e-35 1238.0000000000002 320.00000000000006 1513365888.0000002 7.7658164501190194 2.1648881435394292 -2213.9999999999995 -32505.999999999996 322.00000000000006 1.5000000000000002 1.0000000180025095e-35 2350432.0000000005 53277.000000000007 340.50000000000006 -11263.999999999998 5.5000000000000009
decision_type=2 2 2 2 2 2 2 2 2 2 2 2 2 2 2 2 2 2 2 2 2 2 2 2 2 2 2 2 2 2
left_child=6 14 4 5 19 17 -1 8 -6 10 12 15 -7 16 -2 20 22 -4 -17 -3 -11 -21 -9 -8 25 28 -14 -28 -25 -19
right_child=1 2 3 -5 7 9 23 13 -10 11 -12 -13 26 -15 -16 18 -18 29 -20 21 -22 -23 -24 24 -26 -27 27 -29 -30 -31
leaf_value=-0.00072469877331005615 0.073684674815521711 -0.0020634044243490967 -0.066372600912203109 -0.028949940421114373 0.052914947501477252 0.083513583699993413 -0.089027762683981548 0.090774188387130139 -0.054562513962325081 -0.020687091459205918 -0.073845795111030427 -0.070796034839497188 -0.05715938086501151 -0.069644366993770704 -0.019945454327686633 -0.077508687878259888 -0.098592129216310179 0.039903144509184814 0.08570562357777535 -0.046669353640407141 0.085192234971906547 0.099336929710797633 -0.012235970119323021 0.25953646116922463 0.095590967471288701 0.083726200557467906 0.038863588422644355 -0.03738624549687046 -0.06643558108446318 -0.070849190406938198
leaf_weight=57.8765978962183 122.28428812325001 47.564827442169189 34.132661119103432 116.76662515103817 17.868558973073959 47.399858579039574 122.93951653689146 33.889184892177582 196.98084414750338 12.278851285576819 21.188245043158531 9.4434828758239728 19.300340250134468 18.433421522378922 19.169456720352173 11.848038464784624 6.5311857834458342 39.878865361213684 8.2361814528703672 7.2032040953636161 158.2221002727747 34.455746710300446 17.122133448719978 1.0947948098182667 8.1856077015399915 5.8072007149457923 128.1190355271101 28.367484644055367 97.897470109164715 11.91947031021118
leaf_count=332 800 230 159 671 102 270 1369 167 1257 54 136 43 89 87 90 54 46 191 49 35 974 204 76 6 37 36 616 131 962 64
internal_value=-0.000362532 0.0131848 0.00660051 0.0195557 -0.015458 0.0302354 -0.0542477 -0.030476 -0.0456238 0.0394992 0.0213168 0.0617126 0.030351 0.0123598 0.0609962 0.0682784 0.0386294 -0.0176731 -0.0105774 0.0334935 0.0775672 0.0740911 0.0561985 -0.0673778 -0.0438204 -0.0547095 0.0160161 0.0250412 -0.0628305 0.0144176
internal_weight=1462.41 1168.6 1027.15 647.101 380.049 530.335 293.801 290.825 214.849 444.404 244.375 200.029 223.187 75.9759 141.454 190.585 57.5425 85.931 20.0842 89.2238 170.501 41.659 51.0113 235.925 112.985 104.799 175.787 156.487 98.9923 51.7983
internal_count=9337 6595 5705 3501 2204 2830 2742 1735 1359 2416 1242 1174 1106 376 890 1131 289 414 103 469 1028 239 243 2410 1041 1004 836 747 968 255
is_linear=0
shrinkage=0.08


Tree=20
num_leaves=31
num_cat=0
split_feature=21 75 66 335 4 209 351 0 338 4 40 73 2 10 332 181 340 0 1 39 351 170 75 69 120 10 168 314 335 94
split_gain=148.114 53.1262 50.1657 62.456 44.8529 44.2473 44.123 33.0717 34.3637 31.0346 30.1942 31.5894 28.6905 37.48 26.5682 26.1101 25.7216 26.5019 24.7233 20.9587 18.522 18.0526 27.3077 19.1416 17.9454 17.0488 16.5838 16.0326 15.9128 15.0934
threshold=-1.0000000180025095e-35 1.5000000000000002 1.0000000180025095e-35 6004.0000000000009 69.500000000000014 -185015.99999999997 1030.0000000000002 94284.000000000015 804864.00000000012 1.5000000000000002 -1.0000000180025095e-35 1.0000000180025095e-35 1.0000000180025095e-35 1266245888.0000002 1935360.0000000002 -63487.999999999993 90816.000000000015 2609144.0000000005 1533952.0000000002 -1.0000000180025095e-35 10.000000000000002 7.4365994930267343 2.5000000000000004 677120.00000000012 17664.000000000004 1308111872.0000002 -6.0599124431610099 1.0000000180025095e-35 6840.0000000000009 -51711.999999999993
decision_type=2 2 2 2 2 2 2 2 2 2 2 2 2 2 2 2 2 2 2 2 2 2 2 2 2 2 2 2 2 2
left_child=9 2 4 6 7 18 -4 -2 16 -1 -3 14 13 -11 -12 24 17 19 -6 26 -14 22 23 -13 -7 -17 -9 29 -15 -22
right_child=1 10 3 -5 5 15 -8 8 -10 12 11 21 20 28 -16 25 -18 -19 -20 -21 27 -23 -24 -25 -26 -27 -28 -29 -30 -31
leaf_value=-0.081532009403873881 -0.02799530015410337 -0.079388864928755437 0.079399264101722405 -0.05116319812371508 0.076951155969771104 0.10078309389700943 -0.050670751762930948 0.085657088141952858 -0.050789074051028102 -0.055010388165522166 0.095499750423159085 0.013056787735276007 0.19814704129662525 0.088237795683916043 -0.024164299926047631 -0.074686066633970608 -0.036593361483229649 -0.057322831350395884 -0.030988147867488505 -0.14565549123465632 0.2104700217952602 0.079391739730925184 0.088053399513653083 -0.069079842276052697 -0.036224007386532406 -0.031001160039276044 0.037989780628441064 0.1824953801759624 -0.081228639919485771 -0.071230685954948178
leaf_weight=127.70786809176207 99.71794693171978 12.184761732816694 130.84806078672409 38.717033475637436 34.265360496938229 12.64988023042679 19.131818160414696 76.803097158670425 32.997888542711735 28.444910280406475 99.201909221708775 64.448859997093678 1.7813811227679242 30.838424831628799 13.489158987998961 111.97802975028753 27.500235743820667 14.900458931922911 22.497619576752186 3.3325926512479773 1.2349937707185734 30.235216334462166 22.745909981429577 25.281993240118027 11.850350387394426 116.82773161679506 119.22239452600479 1.6779362708330143 4.0069300755858412 84.878679685294628
leaf_count=1460 526 85 849 247 213 75 95 422 170 244 589 319 10 170 70 765 146 76 126 16 6 215 132 122 59 622 656 7 33 812
internal_value=-0.000348813 0.012458 0.00290147 0.0394226 -0.00716571 -0.0296701 0.0628072 0.0114681 0.0257907 -0.0524226 0.0436446 0.0495143 -0.0281034 0.013128 0.0811759 -0.0439759 0.0362431 0.0455917 0.0341701 0.0532838 -0.0572365 0.024513 0.00976089 -0.0100855 0.0345151 -0.0523806 0.0566659 -0.0624185 0.0687505 -0.0671907
internal_weight=1421.4 1140.83 873.24 188.697 684.544 310.069 149.98 374.475 274.757 280.571 267.588 255.403 152.863 63.2903 112.691 253.306 241.759 214.259 56.763 199.358 89.573 142.712 112.477 89.7309 24.5002 228.806 196.025 87.7916 34.8454 86.1137
internal_count=9337 6595 5063 1191 3872 1860 944 2012 1486 2742 1532 1447 1282 447 659 1521 1316 1170 339 1094 835 788 573 441 134 1387 1078 825 203 818
is_linear=0
shrinkage=0.08


Tree=21
num_leaves=31
num_cat=0
split_feature=21 331 39 10 76 331 335 49 170 328 330 0 4 2 10 39 0 63 10 182 159 351 65 168 338 336 0 351 337 1
split_gain=131.572 47.9953 37.9389 39.3391 33.596 30.0774 29.2534 30.1956 24.36 30.8016 23.4668 25.3465 20.3554 23.7744 26.8977 20.1007 19.6877 17.3451 17.1591 15.9618 15.7604 22.2862 17.809 15.6087 15.4647 15.4301 15.0042 14.8329 17.4655 14.5437
threshold=-1.0000000180025095e-35 842.00000000000011 -1.0000000180025095e-35 1289000896.0000002 1.5000000000000002 690.00000000000011 6004.0000000000009 -1.0000000180025095e-35 5.0677907466888437 197832.00000000003 620960.00000000012 2852864.0000000005 1.5000000000000002 1.0000000180025095e-35 1266245888.0000002 -1.0000000180025095e-35 7515005.0000000009 10.500000000000002 1490966400.0000002 -38169.999999999993 -4.7087144851684561 334.00000000000006 4.5000000000000009 -6.6058397293090811 98288.000000000015 1412352.0000000002 49616.000000000007 1238.0000000000002 84972.000000000015 51200.000000000007
decision_type=2 2 2 2 2 2 2 2 2 2 2 2 2 2 2 2 2 2 2 2 2 2 2 2 2 2 2 2 2 2
left_child=5 15 3 4 17 -1 7 -5 9 20 11 -6 -7 14 -14 26 27 -3 23 25 -9 29 -23 -8 -17 -20 -2 -10 -29 -22
right_child=1 2 -4 6 10 12 18 8 16 -11 -12 -13 13 -15 -16 24 -18 -19 19 -21 21 22 -24 -25 -26 -27 -28 28 -30 -31
leaf_value=0.0046670726040717861 0.006173467621119995 -0.048590128071457094 -0.06449951197560308 -0.0043203214143713855 0.030073152063901543 -0.087770415343959865 0.10085939383128198 0.079379825676131027 0.07605380956730097 -0.078380126891975349 -0.041787877223036216 -0.072215280209566982 -0.055735592784287427 -0.067139907670946353 0.078180915068945214 -0.068813390835224267 -0.057649424673113916 0.14011283677295999 0.19827418140740399 -0.063277137639283221 -0.0598743429171672 -0.060922431274099971 0.024271323679969481 -0.0094388295192827307 0.088384053013591549 -0.015906424384629941 0.083773674757698924 -0.042595689829331825 0.10470146150010776 0.069607446180050783
leaf_weight=50.838439270853996 19.291094109416008 127.28404039144516 46.907693587243557 120.96733973920345 162.64785649627447 110.38835589587688 11.771922081708906 34.428572252392769 157.3896651417017 18.192673549056053 49.692270636558533 17.137642130255699 19.092823714017868 68.048758514225483 19.304469332098961 12.771286651492121 8.450920492410658 3.1957117021083823 3.007012262940405 49.593084625899792 6.2594109177589408 28.828356966376305 34.493647381663322 27.147409930825233 5.8353142738342276 7.5773333981633186 91.977478429675102 15.215011239051821 7.7896189093589774 49.114972040057182
leaf_count=289 116 886 296 596 907 1400 54 214 1029 126 254 90 189 736 128 63 39 17 15 315 27 124 158 141 26 49 685 69 49 250
internal_value=-0.00034014 0.011732 0.00571678 0.00922002 -0.0115563 -0.0507159 0.0221091 0.0302614 0.0418763 0.0200323 0.006873 0.0203227 -0.0637008 -0.0387398 0.0115917 0.0574498 0.0616928 -0.0439684 -0.0174714 -0.0442429 0.0317247 0.017902 -0.0145145 0.0239231 -0.0195139 0.0449423 0.0703198 0.0672836 0.00728073 0.0549711
internal_weight=1384.64 1116.97 987.092 940.184 359.958 267.673 580.227 481.13 360.163 171.318 229.478 179.785 216.834 106.446 38.3973 129.875 188.845 130.48 99.0968 60.1774 153.125 118.696 63.322 38.9193 18.6066 10.5843 111.269 180.394 23.0046 55.3744
internal_count=9337 6595 5705 5409 2154 2742 3255 2681 2085 899 1251 997 2453 1053 317 890 1186 903 574 379 773 559 282 195 89 64 801 1147 118 277
is_linear=0
shrinkage=0.08


Tree=22
num_leaves=31
num_cat=0
split_feature=21 75 66 335 351 4 209 4 332 340 182 327 335 181 4 351 1 75 159 70 218 63 40 219 155 170 120 10 76 346
split_gain=116.587 44.6471 41.28 50.4244 37.1815 37.1219 36.6239 28.4238 27.1521 30.5399 28.6257 25.4767 25.4356 21.9969 21.3842 23.9581 21.0391 18.9902 17.267 22.9571 17.0433 16.5806 16.3037 16.3613 18.1949 21.4165 15.759 15.2063 15.134 20.453
threshold=-1.0000000180025095e-35 1.5000000000000002 1.0000000180025095e-35 6004.0000000000009 1030.0000000000002 69.500000000000014 -185015.99999999997 1.5000000000000002 67584.000000000015 90816.000000000015 -32505.999999999996 78.500000000000014 3324.0000000000005 -63487.999999999993 13.500000000000002 162.00000000000003 1533952.0000000002 1.5000000000000002 -3.5891097784042354 960.00000000000011 -26029.999999999996 10.500000000000002 -1.0000000180025095e-35 -2213.9999999999995 -7.551903009414672 6.2835412025451669 17664.000000000004 1524191296.0000002 3.5000000000000004 614402.00000000012
decision_type=2 2 2 2 2 2 2 2 2 2 2 2 2 2 2 2 2 2 2 2 2 2 2 2 2 2 2 2 2 2
left_child=7 2 5 4 -4 8 16 -1 18 10 -10 -9 22 26 15 -12 -7 -13 -2 21 -21 -20 -3 -24 25 -25 -8 -11 -14 -30
right_child=1 12 3 -5 -6 6 13 11 9 27 14 17 28 -15 -16 -17 -18 -19 19 20 -22 -23 23 24 -26 -27 -28 -29 29 -31
leaf_value=-0.079169825821775147 0.051747930173300344 -0.073020997360620385 0.074405363795035678 -0.047076696549504499 -0.046268172110906142 0.072471183134879782 0.096928457326490358 0.038605320341458492 -0.05173705089950701 -0.075037364862329578 0.038071250914753892 -0.056873680228673458 -0.056332801728061724 -0.049065252831129461 0.085519537252305738 -0.099736065538310006 -0.028982108458476347 0.03498360976238328 0.10329263352508543 0.027251967125944514 -0.080876226150498928 -0.015136074708186538 0.0095348737881834605 -0.013243398935914592 0.085107203974141399 0.09374371294980223 -0.03378155934390837 0.035100972776720391 0.079176452431195837 -0.11661623726819445
leaf_weight=111.93146841973066 18.094515591859818 6.4538718312978736 121.80951517820358 36.702574990689754 18.873016864061356 32.351789750158787 11.91717614233494 31.160590283572674 20.506399095058441 25.757964380085468 111.26043753325939 96.052521258592606 24.635982476174831 220.17837985605001 63.373965427279472 8.7057629600167257 21.963251613080502 16.945088461041451 10.127396143972872 11.283387340605257 53.875225722789764 29.914605177938938 38.947776600718498 31.474257931113243 112.95366431027651 19.328468762338161 11.697917357087134 11.652075484395025 15.871947728097441 4.3506039381027213
leaf_count=1460 111 50 849 247 95 213 75 208 106 139 599 957 145 1387 380 43 126 117 58 62 305 146 198 154 729 163 59 63 70 23
internal_value=-0.000332775 0.0110409 0.00215407 0.0364305 0.0582166 -0.00702126 -0.0279601 -0.0489231 0.0101012 0.0257092 0.0379026 -0.025438 0.04043 -0.0411954 0.0479287 0.0280708 0.0314467 -0.0430988 -0.0204394 -0.0328557 -0.0621519 0.0148168 0.0521537 0.0561391 0.0672234 0.0274611 0.0321802 -0.0407327 -0.0142332 0.0370543
internal_weight=1350.15 1094.06 840.045 177.385 140.683 662.66 298.109 256.09 364.552 241.257 203.847 144.158 254.017 243.793 183.34 119.966 54.315 112.998 123.295 105.201 65.1586 40.042 209.158 202.704 163.756 50.8027 23.6151 37.41 44.8585 20.2226
internal_count=9337 6595 5063 1191 944 3872 1860 2742 2012 1330 1128 1282 1532 1521 1022 642 339 1074 682 571 367 204 1294 1244 1046 317 134 202 238 93
is_linear=0
shrinkage=0.08


Tree=23
num_leaves=31
num_cat=0
split_feature=21 220 10 24 149 331 169 64 354 170 69 75 142 1 329 10 4 314 141 181 0 44 39 0 182 191 338 2 0 338
split_gain=103.098 40.3905 35.0378 35.2115 32.273 28.3276 22.0297 25.1091 23.4979 22.6777 22.0819 20.7011 19.6184 19.2822 18.7001 24.4206 17.4682 19.0211 17.4324 17.1477 16.3998 16.2118 15.9707 15.7321 15.525 15.141 15.0744 14.1667 22.0022 22.6254
threshold=-1.0000000180025095e-35 702.00000000000011 1280679744.0000002 1.5000000000000002 -4.0969135761260977 796.00000000000011 -5.0081353187561026 1.0000000180025095e-35 190682.00000000003 3.2168238162994389 1227008.0000000002 2.5000000000000004 -6.0087599754333487 165888.00000000003 673.00000000000011 861951552.00000012 1.5000000000000002 1.0000000180025095e-35 2.1648881435394292 -63487.999999999993 48045.500000000007 1.0000000180025095e-35 -1.0000000180025095e-35 13807256.000000002 -32505.999999999996 1896.5000000000002 147620.00000000003 1.0000000180025095e-35 360512.00000000006 360720.00000000006
decision_type=2 2 2 2 2 2 2 2 2 2 2 2 2 2 2 2 2 2 2 2 2 2 2 2 2 2 2 2 2 2
left_child=5 22 4 6 18 -1 -4 8 10 -9 13 14 -5 25 15 -6 -7 27 -3 -17 -15 -10 -2 -22 -20 -8 -24 28 -18 -30
right_child=1 2 3 12 11 16 7 9 21 -11 -12 -13 -14 20 -16 19 17 -19 24 -21 23 -23 26 -25 -26 -27 -28 -29 29 -31
leaf_value=0.0035356669078454822 0.0676760968319364 -0.0044246392630149997 -0.043474012449058345 0.062109214828971568 0.060419675863599621 -0.086458009380072268 0.018922721450766952 -0.062661533793417101 -0.069643348770824093 0.075500101479040169 -0.049915697457946696 0.054151349490519196 -0.046499364466062856 -0.13511334793089083 -0.088033660092194821 0.044048446343965167 -0.068862431633531743 0.07658194853163762 -0.039311216099697996 -0.041323762765241918 0.046426274191008012 0.18435275743136184 -0.057647019940591585 -0.09919175915386752 0.09354777577318199 -0.054581345479444883 0.1109227915369406 -0.071318499122867224 0.31096699292481428 0.026466675789341036
leaf_weight=54.957265749573708 98.049541935324669 46.532638505101204 28.746625490486622 12.45005066692829 19.211538404226303 93.036521203815937 61.261915445327759 8.2838470563292486 24.882569901645187 92.553928777575493 23.723967775702477 18.036236599087715 73.386005736887455 3.3316745311021796 35.889806181192398 16.445479691028595 15.562717840075495 8.4664444476366025 6.9068981111049643 178.40286455303431 242.1782640516758 1.7193976789712895 13.292492486536505 4.8432307243347159 30.423755280673504 25.360095776617527 4.5598113536834708 59.638598464429379 2.1087611913681021 11.798140130937098
leaf_count=332 748 230 146 73 103 1369 306 44 172 682 124 109 424 15 198 103 174 37 35 1227 1405 7 67 25 204 128 20 722 12 96
internal_value=-0.00031652 0.010408 0.00499323 0.0167037 -0.0150669 -0.0470666 0.0245834 0.0285914 0.0193333 0.0641501 0.0246846 -0.0286207 -0.0307463 0.0299367 -0.0345935 -0.0256336 -0.0616563 -0.0380082 0.0282444 -0.0341182 0.0411933 -0.0532265 0.0550045 0.0435712 0.0689663 -0.00259687 -0.0145911 -0.0488957 -0.00351799 0.0696066
internal_weight=1316.04 1070.47 954.571 602.722 351.849 245.568 516.886 488.139 387.301 100.838 360.699 267.986 85.8361 336.975 249.95 214.06 190.611 97.5747 83.8633 194.848 250.353 26.602 115.902 247.021 37.3307 86.622 17.8523 89.1082 29.4696 13.9069
internal_count=9337 6595 5760 3551 2209 2742 3054 2908 2182 726 2003 1740 497 1879 1631 1433 2410 1041 469 1330 1445 179 835 1430 239 434 87 1004 282 108
is_linear=0
shrinkage=0.08


Tree=24
num_leaves=31
num_cat=0
split_feature=21 75 209 331 169 132 351 340 132 40 73 332 10 42 62 4 2 10 335 159 65 10 44 7 305 120 353 69 170 94
split_gain=91.2836 37.6336 35.1122 26.5367 26.2907 27.5669 28.9446 26.1781 22.6531 21.7037 26.3777 23.5641 21.4568 24.9246 21.7114 19.3651 19.0042 20.6818 18.4533 18.1751 17.868 17.1564 17.0647 16.2613 18.3263 15.9807 21.2938 18.3361 17.8018 13.6342
threshold=-1.0000000180025095e-35 1.5000000000000002 -283374.99999999994 690.00000000000011 -5.069490671157836 -5.5330541133880606 362.00000000000006 364608.00000000006 -6.6727263927459708 -1.0000000180025095e-35 1.0000000180025095e-35 1935360.0000000002 1513365888.0000002 -1.4999999999999998 1.0000000180025095e-35 1.5000000000000002 1.0000000180025095e-35 1212186624.0000002 19364.000000000004 -2.4922028779983516 5.5000000000000009 1176829376.0000002 -1.0000000180025095e-35 1.0000000180025095e-35 1.0000000180025095e-35 1472.0000000000002 752.00000000000011 819456.00000000012 4.2482497692108163 -7935.9999999999991
decision_type=2 2 2 2 2 2 2 2 2 2 2 2 2 2 2 2 2 2 2 2 2 2 2 2 2 2 2 2 2 2
left_child=3 2 7 -1 -4 8 12 -2 -6 -3 11 -11 14 -14 19 -5 17 -17 22 21 -10 -7 -8 24 -21 -12 27 -27 -28 -18
right_child=1 9 4 15 5 6 18 -9 20 10 25 -13 13 -15 -16 16 29 -19 -20 23 -22 -23 -24 -25 -26 26 28 -29 -30 -31
leaf_value=0.0065191470462789159 0.066071278681765266 -0.074187895835315085 -0.066161751983025013 -0.086084640815147398 -0.034806667924795892 -0.053649169038161089 0.0099755671387630491 -0.10440348005883127 0.057161769029122587 0.088432899907706086 0.093567700122595479 -0.027760904162795558 -0.056216410030372331 0.053895560806534085 0.068770532746341775 -0.064909327077247253 0.1958547571175063 0.058050038479848624 0.16790263928126783 0.090503817068706707 -0.056895263037879285 0.078532559431828478 -0.042199877918578647 0.034296693679156047 -0.045853695247208733 0.0061203207032349272 -0.1273141818695234 -0.088114340799041749 0.084711422673164241 -0.068158322371282734
leaf_weight=49.758146040141582 71.979929476976395 10.659838154911993 41.055995799601078 89.36503879353404 26.554821282625198 8.853930167853834 50.78126909583807 6.2669088169932357 102.42980500310659 87.1568863093853 16.150713555514812 12.812351770699022 15.444742314517496 88.798794515430927 21.575008705258369 14.24595560133457 1.2795161008834828 22.712713800370693 3.0149901732802382 6.6557452082633963 9.6156961768865568 21.654400818049908 191.06745101511478 23.043609723448753 120.76575670391321 68.267626948654652 2.7862548828125027 16.387048751115799 28.033105961978436 57.936968430876732
leaf_count=289 521 85 246 1400 148 62 301 40 722 589 111 70 90 521 115 154 6 163 16 34 54 130 1271 119 673 347 13 87 230 730
internal_value=-0.000315671 0.00976104 0.00148315 -0.0453598 -0.0039666 -0.000267276 -0.00828086 0.0524177 0.0316283 0.0374239 0.0425612 0.0735412 0.00809031 0.0375814 -0.00708755 -0.0592727 -0.0343593 0.0106546 -0.0287925 -0.0161311 0.0473734 0.0401716 -0.0312445 -0.027547 -0.0387312 0.0190319 0.00860696 -0.0121212 0.065543 -0.0624537
internal_weight=1287.11 1051.81 809.559 235.298 731.312 690.256 551.656 78.2468 138.6 242.254 231.594 99.9692 306.792 104.244 202.548 185.54 96.1752 36.9587 244.864 180.973 112.046 30.5083 241.849 150.465 127.422 131.625 115.474 84.6547 30.8194 59.2165
internal_count=9337 6595 5063 2742 4502 4256 3332 561 924 1532 1447 659 1744 611 1133 2453 1053 317 1588 1018 776 192 1572 826 707 788 677 434 243 736
is_linear=0
shrinkage=0.08


Tree=25
num_leaves=31
num_cat=0
split_feature=21 331 39 10 4 335 10 16 149 75 339 0 339 170 0 328 209 64 69 61 168 332 63 170 168 194 331 332 9 332
split_gain=80.7621 33.6282 29.6648 27.6561 25.084 23.4228 34.708 25.5601 23.1146 21.8028 20.2813 16.242 16.1211 15.8922 20.1762 17.9568 17.2051 16.3317 15.4872 14.5697 14.0337 14.0015 13.4694 13.2185 12.8336 13.2575 12.6441 27.9119 12.539 12.4083
threshold=-1.0000000180025095e-35 842.00000000000011 -1.0000000180025095e-35 1289000896.0000002 1.5000000000000002 6076.0000000000009 1266245888.0000002 1.0000000180025095e-35 -4.1122288703918448 2.5000000000000004 66.000000000000014 57380.000000000007 66.000000000000014 5.385958433151246 13807256.000000002 186680.00000000003 -242097.99999999997 10.500000000000002 221440.00000000003 4.5000000000000009 -7.946485996246337 2549760.0000000005 36.500000000000007 4.4399516582489023 -7.0844006538391104 -1485.9999999999998 702.00000000000011 81216.000000000015 533.50000000000011 67584.000000000015
decision_type=2 2 2 2 2 2 2 2 2 2 2 2 2 2 2 2 2 2 2 2 2 2 2 2 2 2 2 2 2 2
left_child=4 11 3 8 26 6 24 -8 29 19 13 -2 28 15 17 16 -5 18 22 -10 -18 -22 -15 -21 -6 -26 27 -1 -13 -3
right_child=1 2 -4 10 5 -7 7 -9 9 -11 -12 12 -14 14 -16 -17 20 -19 -20 23 21 -23 -24 -25 25 -27 -28 -29 -30 -31
leaf_value=-0.047724131257798945 -0.0066322426022559222 -0.10272487774009523 -0.060546708337282547 0.067565036349235663 0.14198831104834619 -0.080395896117785776 -0.0543318688749896 0.075305992396917362 -0.037790800518434038 0.073890562494243153 -0.046851326415303166 0.077517481545849198 -0.14935836132131644 0.054832323780457062 -0.086438791885935104 -0.068219455071549764 0.084319145705496382 0.07546179592146475 -0.0064264728830475326 -0.047440679129585946 0.0065945949744090531 -0.10463879701111953 -0.14064848963610216 0.030539733774450531 0.17196207517163489 -0.067318919104150915 -0.085587883501820103 0.33543445691531781 -0.088575495504885943 0.040157944393304036
leaf_weight=7.4864686951041204 25.060645259916782 4.1463204994797698 43.302790015935898 35.178179442882538 2.1142615750432006 32.711681045591831 12.964312858879564 39.061377078294754 190.06312182545662 14.602018363773821 28.767317228019238 83.364838667213917 2.1638233363628379 79.654352977871895 7.9008376970887175 17.532150208950043 14.430336177349089 69.107399307191372 52.280273869633675 20.24214044213295 225.0644343495369 7.4832276925444594 2.321652263402938 44.487932920455933 1.5319571048021305 45.372811637818813 82.953636903315783 1.4529280662536619 3.0141466408967963 62.885456994175911
leaf_count=52 158 24 296 252 12 386 115 244 1289 82 187 706 10 487 43 138 86 591 303 127 1116 40 12 256 7 518 1400 8 16 376
internal_value=-0.000307534 0.00916329 0.00408974 0.00728434 -0.0436662 -0.021558 -0.00251007 0.0430015 -0.0107183 -0.0211783 0.018506 0.0502261 0.066319 0.0221857 0.0389897 0.0103398 0.0152211 0.0438627 0.0275974 -0.0266266 0.00776558 0.00301518 0.0492961 0.006154 -0.0508131 -0.0595038 -0.0758463 0.014551 0.0717218 0.0313198
internal_weight=1258.7 1033.05 919.45 876.147 225.649 133.756 101.045 52.0257 336.427 269.395 539.72 113.603 88.5428 510.953 211.265 299.688 282.156 203.364 134.256 254.793 246.978 232.548 81.976 64.7301 49.019 46.9048 91.893 8.9394 86.379 67.0318
internal_count=9337 6595 5705 5409 2742 1282 896 359 2154 1754 3255 890 732 3068 1436 1632 1494 1393 802 1672 1242 1156 499 383 537 525 1460 60 722 400
is_linear=0
shrinkage=0.08


Tree=26
num_leaves=31
num_cat=0
split_feature=39 10 335 76 331 49 351 159 4 63 182 339 329 149 132 120 351 0 351 69 220 329 193 329 141 99 10 340 120 1
split_gain=72.2063 56.3207 47.7686 46.8415 24.794 21.5647 20.0102 26.739 20.9786 18.7216 18.4434 18.7034 18.1711 19.5649 18.0807 29.9328 17.8072 17.5405 17.8612 16.1931 15.4571 28.0017 14.1151 15.8951 14.782 13.2864 12.9932 16.7233 14.1131 19.2161
threshold=-1.0000000180025095e-35 1258729216.0000002 6004.0000000000009 1.5000000000000002 842.00000000000011 -1.0000000180025095e-35 498.00000000000006 -3.5900334119796748 137.50000000000003 9.5000000000000018 -38169.999999999993 66.000000000000014 178.00000000000003 -4.0969135761260977 -5.4640667438507071 76544.000000000015 2556.0000000000005 147467.50000000003 594.00000000000011 65792.000000000015 2426.0000000000005 75.500000000000014 3608.5000000000005 8923.0000000000018 2.1648881435394292 -1.0000000180025095e-35 1524191296.0000002 99802.000000000015 5248.0000000000009 198656.00000000003
decision_type=2 2 2 2 2 2 2 2 2 2 2 2 2 2 2 2 2 2 2 2 2 2 2 2 2 2 2 2 2 2
left_child=1 3 4 17 10 26 8 14 20 19 -3 -12 -5 22 16 -16 -8 -1 -19 -4 21 -7 -14 24 -24 -11 27 28 -6 -30
right_child=-2 2 9 12 5 6 7 -9 -10 25 11 -13 13 -15 15 -17 -18 18 -20 -21 -22 -23 23 -25 -26 -27 -28 -29 29 -31
leaf_value=-0.073633718151799255 -0.055772162929485204 -0.20413977409480313 -0.041210957364076879 0.052556782051720367 0.035590299199575133 -0.087114993940656374 0.084971588758277011 -0.028425775753688702 -0.072888750813803679 0.1995873998322501 0.077382033984550763 -0.13421872140182212 0.067065206144346329 -0.031740804001783529 0.043945610161987177 -0.077313078909730701 -0.1030183018146055 0.014271515595740305 -0.060169135132798347 0.045625534576893959 0.063989349437239829 0.076350601982706628 -0.010590871766323871 -0.093750439621663267 0.096008278366297606 -0.058104801361169967 0.040039004048680805 -0.092014275888578606 -0.089163130325165041 0.017228720386255648
leaf_weight=89.985940475016832 133.89040381833911 1.5836806148290623 23.772480502724648 44.296227842569351 31.297400657087564 12.808366779237987 46.168541647493839 65.790518276393414 8.6331771314144117 1.3052978515624989 90.998141251504421 2.7543340474367133 29.651250347495079 85.599592864513397 42.66301154717803 18.756755448877811 3.4669984579086295 41.685433760285378 40.837797716259956 32.578935876488686 161.57127051800489 14.078609392046927 29.499872550368309 9.8298838287591916 11.598847284913061 67.434402566403151 28.326046675443649 17.617294181138277 21.287324089556932 22.191369690001011
leaf_count=1119 1440 7 135 273 164 63 373 384 40 7 782 15 214 522 296 91 18 320 397 186 1082 98 145 50 64 587 158 96 102 109
internal_value=-0.00030712 0.00645588 0.0197152 -0.0183011 0.029236 0.0220362 0.031527 0.0119902 0.0490569 -0.0251896 0.0665922 0.0711655 0.00702805 -0.00510793 0.0359331 0.00691487 0.0718407 -0.0492047 -0.0225665 0.00899258 0.0546431 -0.00152083 0.023184 -0.00236409 0.0194935 -0.0532115 -0.00736193 -0.0218941 -0.0053738 -0.0348611
internal_weight=1231.96 1098.07 715.084 382.985 589.993 494.657 373.937 176.846 197.091 125.091 95.3362 93.7525 210.476 166.179 111.055 61.4198 49.6355 172.509 82.5232 56.3514 188.458 26.887 80.5799 50.9286 41.0987 68.7397 120.719 92.3934 74.7761 43.4787
internal_count=9337 7897 4793 3104 3878 3074 2445 1162 1283 915 804 797 1268 995 778 387 391 1836 717 321 1243 161 473 259 209 594 629 471 375 211
is_linear=0
shrinkage=0.08


Tree=27
num_leaves=31
num_cat=0
split_feature=21 75 66 335 351 4 209 4 335 10 16 0 338 335 0 340 1 168 44 331 218 331 331 39 0 73 69 76 220 82
split_gain=66.3933 30.0369 28.9766 37.707 25.4255 24.3064 23.8147 22.4922 20.4954 26.4594 19.8188 18.6752 21.9937 17.8804 16.4706 17.2674 16.4129 15.9524 15.7109 14.0673 13.2283 12.5104 21.6718 12.297 14.4444 14.2077 11.5067 14.4509 13.3932 11.4899
threshold=-1.0000000180025095e-35 1.5000000000000002 1.0000000180025095e-35 5692.0000000000009 1078.0000000000002 69.500000000000014 -185015.99999999997 1.5000000000000002 6340.0000000000009 1266245888.0000002 1.0000000180025095e-35 94284.000000000015 804864.00000000012 3324.0000000000005 3939904.0000000005 90816.000000000015 1533952.0000000002 -6.0421960353851309 -1.0000000180025095e-35 15362.000000000002 -711527.99999999988 702.00000000000011 588.00000000000011 -1.0000000180025095e-35 573152.00000000012 1.0000000180025095e-35 414976.00000000006 3.5000000000000004 256626.00000000003 -575.99999999999989
decision_type=2 2 2 2 2 2 2 2 2 2 2 2 2 2 2 2 2 2 2 2 2 2 2 2 2 2 2 2 2 2
left_child=7 2 5 4 -4 11 16 21 9 -9 -11 29 14 20 15 17 -7 -13 19 -8 -3 22 -1 25 -25 -22 27 28 -15 -2
right_child=1 13 3 -5 -6 6 18 8 -10 10 -12 12 -14 26 -16 -17 -18 -19 -20 -21 23 -23 -24 24 -26 -27 -28 -29 -30 -31
leaf_value=-0.060903677723470474 -0.092961870211964184 -0.013489511524305704 0.069030023851823941 -0.037061967901892749 -0.037422276546568121 0.065422813193607807 0.071249871607862114 -0.047954105461349192 -0.08167425261438821 -0.052534174095061746 0.062022221399416717 0.071046476888006346 -0.044627711053300469 -0.067342689998330763 -0.075938303322384715 -0.029434062730661466 -0.028052915069238255 0.022241187859411805 -0.045477006371757292 -0.027437759382367637 0.084941020373809323 -0.084862061504467567 0.22204185606269061 -0.073272532971754512 0.11552922606918437 0.035367260233561126 -0.074784977171504355 0.071082495957904515 0.17485409998287557 -0.011968673263662979
leaf_weight=6.3293954655528051 13.076762363314627 21.910013660788536 101.27446980029345 38.700580395758152 16.731902152299881 28.261908300220966 14.962352208793162 45.842074278742075 27.257283959537745 12.666437145322559 40.794201418757439 70.173849828541279 30.626594468951225 13.235029526054861 9.3618700280785543 25.223021753132343 20.920825026929379 110.12843951582909 186.07646214216948 24.188026785850525 71.590301036834717 73.064661789685488 2.385422557592392 9.4878919720649701 3.5688879787921897 76.57707355171442 13.176841489970682 14.78104420006275 1.6426220089197148 78.518977038562298
leaf_count=48 83 125 833 271 87 213 102 540 357 120 265 445 170 85 49 145 126 677 1291 128 556 1400 12 72 20 521 82 63 8 443
internal_value=-0.000292542 0.0083125 0.000770926 0.0314633 0.0539364 -0.00709425 -0.0247722 -0.0413558 -0.020226 -0.00335932 0.0348804 0.0072957 0.0187967 0.0339515 0.0278362 0.0325633 0.0256611 0.0412363 -0.0357853 0.0102783 0.044835 -0.0740557 0.0165443 0.0527612 -0.0216662 0.0593199 -0.0125788 0.0150583 -0.0406021 -0.0235318
internal_weight=1202.54 994.196 768.226 156.707 118.006 611.519 274.41 208.339 126.56 99.3027 53.4606 337.11 245.514 225.97 214.887 205.525 49.1827 180.302 225.227 39.1504 183.134 81.7795 8.71482 161.224 13.0568 148.167 42.8355 29.6587 14.8777 91.5957
internal_count=9337 6595 5063 1191 920 3872 1860 2742 1282 925 385 2012 1486 1532 1316 1267 339 1122 1521 230 1294 1460 60 1169 92 1077 238 156 93 526
is_linear=0
shrinkage=0.08


Tree=28
num_leaves=31
num_cat=0
split_feature=21 220 170 141 0 120 120 346 332 331 168 149 75 170 10 0 335 169 335 340 330 61 351 0 69 0 0 168 349 220
split_gain=58.8535 27.2357 23.8315 21.5323 20.5124 17.9992 22.2158 18.0553 14.9581 14.8595 14.706 15.4522 14.2395 16.6814 17.3489 13.8086 13.7136 13.475 13.2139 13.1562 13.1123 12.8367 12.8233 14.1439 16.7058 12.7915 12.2026 12.0355 12.0194 11.8997
threshold=-1.0000000180025095e-35 702.00000000000011 4.3685519695281991 5.8057656288146982 13807256.000000002 468992.00000000006 16640.000000000004 189000.00000000003 202752.00000000003 796.00000000000011 -6.6109015941619864 -4.3519568443298331 2.5000000000000004 6.18609642982483 1280679744.0000002 3474944.0000000005 11292.000000000002 -4.3954336643218985 6140.0000000000009 135952.00000000003 1139050.0000000002 1.0000000180025095e-35 594.00000000000011 53277.000000000007 414976.00000000006 2609144.0000000005 48045.500000000007 -5.5320718288421622 202.00000000000003 2772.0000000000005
decision_type=2 2 2 2 2 2 2 2 2 2 2 2 2 2 2 2 2 2 2 2 2 2 2 2 2 2 2 2 2 2
left_child=3 26 10 9 5 6 8 -7 15 27 19 -12 13 14 28 -4 25 -13 -5 21 -10 -3 23 -19 29 -15 -2 -1 -8 -25
right_child=1 2 4 18 -6 7 12 -9 20 -11 11 17 -14 16 -16 -17 -18 22 -20 -21 -22 -23 -24 24 -26 -27 -28 -29 -30 -31
leaf_value=-0.031708510078092098 -0.0050562794915494647 0.048739577191968239 0.019697294240186888 0.078973146136593966 -0.077378412209099703 0.0057504164944868928 -0.06449094513005757 0.073822397658940248 0.073575893906563494 -0.061271349442102718 0.071371284457257808 -0.070110713348444154 0.070990465331730576 0.038883264720523017 -0.0037560205685861531 -0.10374353630934235 -0.057856487882460145 -0.044396203427220789 -0.073991879687942852 -0.049256943870692307 -0.029058624947691316 -0.035500453245544447 -0.051421467465099062 -0.013336766350729086 -0.047442820641501265 -0.081926532597209945 0.062551611117553751 0.066384392313100504 0.14528732335816283 0.048734981433517975
leaf_weight=32.191664040088654 21.950017146766186 54.745740599930286 67.76200894266367 14.406533844769003 15.275659136474131 41.690776459872723 59.486721463501453 62.055884756147861 62.257185496389866 137.49968528747559 10.780806697905062 38.31318374723196 15.054943449795244 74.90055114030838 95.201685301959515 6.342649169266223 13.286044359207152 45.426890425384045 4.824740841984748 16.141151092946529 9.1356295943260175 14.68178256601095 55.972139269113541 31.345813311636448 26.044025667011738 6.0632163286209098 77.102851919829845 10.654670774936674 1.8009173348546017 53.508015669882298
leaf_count=219 144 373 394 99 91 271 386 622 422 2306 63 232 102 453 571 32 98 284 57 101 58 82 413 212 140 38 691 61 13 309
internal_value=-0.000286613 0.00780525 0.00331544 -0.0398718 0.0139807 0.0166903 0.00917915 0.0464676 0.034309 -0.0484526 -0.012986 -0.0224094 -0.00457712 -0.00911437 -0.0251281 0.00913194 0.0174744 -0.0264437 0.0405973 0.0158003 0.0604425 0.0309254 -0.0185631 -0.00679818 0.00860304 0.0298361 0.0475698 -0.00731558 -0.0583267 0.0258051
internal_weight=1175.9 976.326 877.273 199.577 530.314 515.038 411.292 103.747 145.497 180.346 346.96 261.391 265.794 250.739 156.489 74.1047 94.2498 250.61 19.2313 85.5687 71.3928 69.4275 212.297 156.325 110.898 80.9638 99.0529 42.8463 61.2876 84.8538
internal_count=9337 6595 5760 2742 3551 3460 2567 893 906 2586 2209 1653 1661 1559 970 426 589 1590 156 556 480 455 1358 945 661 491 835 280 399 521
is_linear=0
shrinkage=0.08


Tree=29
num_leaves=31
num_cat=0
split_feature=39 10 76 339 331 182 169 336 0 351 4 0 220 353 69 354 10 335 0 348 340 330 10 351 335 209 332 73 88 120
split_gain=55.8739 43.693 42.4661 38.1279 25.5692 17.3234 16.6668 17.3711 16.119 17.6966 14.3751 13.6301 13.1525 12.8214 20.9697 26.3768 22.3397 17.0506 15.8898 14.369 20.696 13.8553 12.8058 12.5611 12.28 12.2393 11.432 11.4155 11.3254 10.996
threshold=-1.0000000180025095e-35 1266245888.0000002 1.5000000000000002 66.000000000000014 796.00000000000011 -38169.999999999993 -5.0639846324920645 2728704.0000000005 147467.50000000003 594.00000000000011 622.50000000000011 135222.50000000003 32798.000000000007 710.00000000000011 762624.00000000012 147812.00000000003 1513365888.0000002 11292.000000000002 5563978.0000000009 64644.000000000007 119656.00000000001 2469932.0000000005 1395205184.0000002 1590.0000000000002 4060.0000000000005 -78239.999999999985 67584.000000000015 1.0000000180025095e-35 -1.0000000180025095e-35 11008.000000000002
decision_type=2 2 2 2 2 2 2 2 2 2 2 2 2 2 2 2 2 2 2 2 2 2 2 2 2 2 2 2 2 2
left_child=1 2 8 4 5 -3 -4 -8 -1 25 11 12 24 14 15 17 -16 18 19 20 28 27 -19 -17 -6 -10 -11 -18 -13 -23
right_child=-2 3 6 -5 10 -7 7 -9 9 26 -12 13 -14 -15 16 23 21 22 -20 -21 -22 29 -24 -25 -26 -27 -28 -29 -30 -31
leaf_value=-0.071653007580610023 -0.051524311127525146 -0.16554917505145181 -0.052384844708028941 -0.057984265542090643 0.016502255879980558 0.07118172864192214 0.020981843420477212 -0.090141794307825304 0.091762909836418147 0.15187968221762796 -0.090135246138062272 -0.14073674311559942 -0.070041631193348233 0.081097563935128361 -0.068982846966530453 -0.080355489947112418 0.072033166332762313 0.12908362849289756 -0.043147544062359801 0.077101143003513922 -0.043026300103469202 0.1092324231306307 -0.049390130515832915 0.078918060041716864 -0.07608856756317206 -0.0092744548530010722 -0.068169069973301438 -0.13426181179214544 0.046327149922676697 -0.087409300563013534
leaf_weight=80.871766839176416 121.79970060288906 2.0291549041867247 26.214990045875311 39.191915061324835 78.020387209951878 79.024273090064526 184.86568738892674 9.4640485346317273 9.8816983848810178 1.571392573416232 7.8973663561046115 2.0974247306585303 17.635850053280592 24.688667893409729 30.889379922300577 18.678382191807035 23.226856496185068 2.926680356264117 13.276512712240217 71.539319235831499 19.510132718831301 2.2616282664239398 21.290869358927011 3.8164768368005744 10.387880727648733 34.331140391528606 39.313659053295851 1.8537239208817471 166.6482459641993 9.3194757103919965
leaf_count=1132 1440 10 176 347 437 743 1152 61 64 11 50 9 98 239 178 163 148 18 70 572 114 12 157 22 95 284 408 12 1061 54
internal_value=-0.000278061 0.00576593 -0.0155109 0.0184921 0.0234298 0.0652552 0.00749258 0.01557 -0.0460786 -0.0217742 0.0169843 0.0186173 -0.0069606 0.0252003 0.0216374 0.0301926 -0.0188625 0.0365128 0.0422183 0.0465808 0.0349827 0.0233665 -0.0278217 -0.0533331 0.00562293 0.0133077 -0.0597116 0.0567858 0.044002 -0.0490079
internal_weight=1154.52 1032.72 386.514 646.211 607.019 81.0534 220.545 194.33 165.97 85.0979 525.965 518.068 106.044 412.024 387.335 319.784 67.5511 297.289 273.072 259.795 188.256 36.6617 24.2175 22.4949 88.4083 44.2128 40.8851 25.0806 168.746 11.5811
internal_count=9337 7897 3288 4609 4262 753 1389 1213 1899 767 3509 3459 630 2829 2590 2186 404 2001 1826 1756 1184 226 175 185 532 348 419 160 1070 66
is_linear=0
shrinkage=0.08


Tree=30
num_leaves=31
num_cat=0
split_feature=39 75 65 10 10 73 332 331 193 24 352 181 159 329 82 340 168 168 354 168 329 0 181 4 182 24 65 348 120 353
split_gain=48.8476 40.8751 39.5754 41.0066 30.7186 25.6599 23.9916 22.0324 15.0796 14.5219 15.121 14.3834 13.9372 15.4686 13.9137 13.7185 14.3887 16.5632 13.0495 13.0033 12.9568 12.5143 12.3814 12.3305 11.8121 11.6507 11.5729 11.0783 10.5849 16.1787
threshold=-1.0000000180025095e-35 1.5000000000000002 5.5000000000000009 1280679744.0000002 861951552.00000012 1.0000000180025095e-35 1935360.0000000002 1058.0000000000002 3608.5000000000005 1.5000000000000002 262748.00000000006 -63487.999999999993 -6.7469265460968009 149.50000000000003 -575.99999999999989 176760.00000000003 -6.6653647422790518 -6.6338715553283683 479720.00000000006 -7.2592484951019278 8713.0000000000018 1882927.5000000002 -67583.999999999985 572.50000000000011 -38169.999999999993 1.0000000180025095e-35 3.5000000000000004 129664.00000000001 4864.0000000000009 710.00000000000011
decision_type=2 2 2 2 2 2 2 2 2 2 2 2 2 2 2 2 2 2 2 2 2 2 2 2 2 2 2 2 2 2
left_child=1 2 3 4 8 6 -3 24 26 10 15 22 13 -13 -11 16 -9 -18 23 -14 21 -10 -6 -12 -5 -4 -1 -19 -7 -30
right_child=-2 5 25 7 11 28 -8 9 20 14 18 12 19 -15 -16 -17 17 27 -20 -21 -22 -23 -24 -25 -26 -27 -28 -29 29 -31
leaf_value=-0.042962467483334876 -0.048970763954771485 0.086473022590175183 0.070905765120759537 -0.1621543083260481 -0.039079293605559132 0.055541800644155252 -0.033180819277266849 0.048662301258216613 0.031724802072202053 -0.093423414786036635 0.06383798550747756 0.12317986648978263 0.054900676494210307 -0.11444475562021207 0.0015529924116221491 -0.05007182511732533 -0.09699659953982033 0.0032524826725906959 -0.058028715009439735 -0.056334932934582492 -0.086177578192600551 -0.07078141465529561 0.10929986458643383 -0.082758389552373329 0.068229509944420813 -0.07037684688353342 0.065717976539386755 0.099402190736568974 -0.019912232271617231 0.055062485414683622
leaf_weight=7.4764388762414447 118.0569137185812 75.92221274971962 3.9728178530931464 1.459586165845393 7.0444338396191597 28.756739683449268 12.488875500857828 54.704409074038267 31.894488051533699 15.64144107699394 70.265945918858051 5.9900232218205911 7.0248232409358016 2.4788118861615658 26.761444516479969 24.607801713049412 10.23539028316736 163.44595394656062 7.0085101649165145 158.02378072217107 12.292438112199305 10.015927709639071 7.3591156601905805 3.8745795600116244 58.919032860547304 62.551965545862913 38.884279232472181 8.0469375699758512 69.050465125590563 25.121665999293327
leaf_count=40 1440 620 25 7 40 190 78 358 164 105 605 44 31 17 152 197 73 908 42 1607 74 54 62 24 546 872 284 54 377 247
internal_value=-0.000275044 0.00540947 -0.00285712 0.00250169 -0.0209911 0.0367008 0.0695708 0.0177326 0.0146948 0.0106792 0.0161515 -0.040088 -0.0464647 0.0536276 -0.0334816 0.0067751 0.0126917 0.00186372 0.0463134 -0.0516005 -0.0139555 0.00722743 0.0367311 0.0561769 0.0626602 -0.0619395 0.0481914 0.0077641 0.0130605 8.82689e-05
internal_weight=1129.38 1011.32 799.98 733.456 288.485 211.34 88.4111 444.971 100.564 384.592 342.19 187.921 173.517 8.46884 42.4029 261.04 236.433 181.728 81.149 165.049 54.2029 41.9104 14.4035 74.1405 60.3786 66.5248 46.3607 171.493 122.929 94.1721
internal_count=9337 7897 6385 5488 2417 1512 698 3071 616 2518 2261 1801 1699 61 257 1590 1393 1035 671 1638 292 218 102 629 553 897 324 962 814 624
is_linear=0
shrinkage=0.08


Tree=31
num_leaves=31
num_cat=0
split_feature=0 339 331 10 21 23 10 348 305 351 9 194 338 82 329 141 159 10 76 63 63 340 346 10 61 335 65 329 168 351
split_gain=43.4738 30.1763 31.8256 23.6339 18.3905 16.7199 15.9313 14.5963 14.0466 13.8473 13.6208 11.7531 12.7168 21.5902 13.1907 14.9528 14.0168 12.4459 11.7112 16.4467 15.8401 14.7512 12.7007 12.3554 14.818 18.087 16.4664 11.8624 12.9484 11.522
threshold=69644.000000000015 66.000000000000014 796.00000000000011 1289000896.0000002 -1.0000000180025095e-35 -1.0000000180025095e-35 861951552.00000012 7956.0000000000009 1.5000000000000002 2556.0000000000005 6.0000000000000009 -59087.999999999993 24736.000000000004 -1.0000000180025095e-35 302.00000000000006 3.934935569763184 -0.63244524598121632 1088884608.0000002 1.0000000180025095e-35 12.500000000000002 8.5000000000000018 16680.000000000004 3902298.0000000005 1395205184.0000002 1.0000000180025095e-35 6108.0000000000009 2.0000000000000004 382.00000000000006 -6.0421960353851309 1158.0000000000002
decision_type=2 2 2 2 2 2 2 2 2 2 2 2 2 2 2 2 2 2 2 2 2 2 2 2 2 2 2 2 2 2
left_child=4 2 10 6 -1 9 -4 -6 11 18 29 -8 13 -13 15 16 17 -15 20 21 -5 23 -21 -20 25 26 -25 28 -23 -2
right_child=1 -3 3 5 7 -7 8 -9 -10 -11 -12 12 -14 14 -16 -17 -18 -19 19 22 -22 27 -24 24 -26 -27 -28 -29 -30 -31
leaf_value=-0.065754432591779835 0.069928693808079187 -0.055832775363255607 0.011445626227990035 0.027353024243411621 -0.0078329248342729318 -0.034624609103878205 0.15960738644432168 -0.095473854930869934 0.11125093491588199 -0.085171943477778761 -0.085480877234301644 0.19089312651041543 -0.06978988214519416 -0.033065431061169367 -0.083241506462014406 -0.035931131152543108 -0.0061474533781280998 0.15278860255822843 0.060200042744067157 0.076921895145621449 -0.060817158335814421 -0.033962948543487456 -0.14290815937656981 -0.13148763478694978 -0.011976320937619009 -0.031183765880638072 0.056717633743959717 0.11612988206396142 0.074277840992071353 -0.055578959752645818
leaf_weight=71.38748037442565 81.126763198524714 45.630115117877722 110.7162245772779 29.173295304179192 129.75761449709535 37.283647485077381 2.049345225095748 13.419962398707865 4.5697585716843596 7.6862011887133113 4.162776254117488 3.027464196085929 44.73407680913806 3.1966780051589003 20.924817286431789 66.876370027661324 24.490408133715391 8.2765698954462987 65.563803527504206 50.86743625998497 23.581434946507215 55.87346425652504 1.7395453117787827 3.0721447169780722 62.1538658849895 20.938038393855095 94.269888192415237 4.3592938855290404 8.0983956456184369 4.9679768383502951
leaf_count=1320 785 450 709 226 857 352 9 110 33 53 27 15 544 22 134 560 182 47 398 497 177 439 13 14 342 143 778 26 44 31
internal_value=-0.000263538 0.00753392 0.0109607 0.00558346 -0.0325854 0.0167543 -0.0123859 -0.0160475 -0.027197 0.0212365 0.0558528 -0.030842 -0.0331174 -0.0201788 -0.025342 -0.0135612 0.028037 0.101006 0.0231853 0.0282524 -0.0120592 0.0213235 0.0696528 0.0304574 0.0196499 0.0362689 0.0507778 -0.0115592 -0.0202604 0.0626864
internal_weight=1103.97 889.41 843.78 753.522 214.565 464.66 288.862 143.178 178.145 427.377 90.2575 173.576 171.526 126.792 123.765 102.84 35.9637 11.4732 419.691 366.936 52.7547 314.329 52.607 245.998 180.434 118.28 97.342 68.3312 63.9719 86.0947
internal_count=9337 7050 6600 5757 2287 3502 2255 967 1546 3150 843 1513 1504 960 945 811 251 69 3097 2694 403 2184 510 1675 1277 935 792 509 483 816
is_linear=0
shrinkage=0.08


Tree=32
num_leaves=31
num_cat=0
split_feature=39 75 65 10 10 73 332 331 219 181 159 329 159 354 335 329 0 4 159 332 168 168 181 141 162 149 182 10 63 120
split_gain=40.2253 33.0375 33.5378 32.5893 24.7229 22.3503 21.2894 18.7599 13.7503 12.8577 12.1448 13.1976 12.0236 14.1154 17.5997 21.6451 14.8242 13.3372 13.3189 14.6481 11.2733 11.1661 10.9821 10.6018 14.4709 11.8557 10.2672 10.0999 11.9998 17.5464
threshold=-1.0000000180025095e-35 1.5000000000000002 5.5000000000000009 1280679744.0000002 861951552.00000012 1.0000000180025095e-35 1935360.0000000002 1058.0000000000002 -679.99999999999989 -63487.999999999993 -6.7469265460968009 149.50000000000003 -1.3951258659362791 190682.00000000003 6004.0000000000009 4028.5000000000005 5563978.0000000009 395.50000000000006 -4.4864518642425528 157696.00000000003 -6.5168278217315665 -7.2592484951019278 -67583.999999999985 2.1648881435394292 -6.5283422470092765 -4.1173284053802481 -38169.999999999993 1513365888.0000002 8.5000000000000018 16128.000000000002
decision_type=2 2 2 2 2 2 2 2 2 2 2 2 2 2 2 2 2 2 2 2 2 2 2 2 2 2 2 2 2 2
left_child=1 2 3 4 8 6 -3 26 23 22 11 -11 13 14 15 16 -9 -15 -16 -20 -21 -12 -6 25 -25 -1 -5 28 29 -14
right_child=-2 5 -4 7 9 -7 -8 12 -10 10 21 -13 27 17 18 -17 -18 -19 19 20 -22 -23 -24 24 -26 -27 -28 -29 -30 -31
leaf_value=0.011770139995950056 -0.045732692364470633 0.082174422816743337 -0.05933748367139504 -0.1515463313722836 -0.034142821797058798 0.01149231367604233 -0.031929513401597401 0.057669373935223651 0.10324849069975106 0.11749297830933964 0.051358335935044491 -0.10853973811960767 -0.042102206173572319 -0.073265190408195041 -0.07518216868515526 -0.11314423200528717 -0.09807733985257594 0.065352869164210903 -0.076144009382375186 0.10877652212263515 -0.011473919167665624 -0.052866165588608273 0.10854979233522456 0.071201911794664161 -0.039534410749057891 -0.064858431659985727 0.06436334196958915 0.014365850204360842 -0.063550909976792622 0.043164511050329313
leaf_weight=31.771567262709137 111.64592725038528 71.259396031498909 61.378671124577522 1.4463840574026097 6.9131358489394188 119.66536434367299 12.266514167189596 119.97257472202182 9.7255397066473943 5.7437466681003553 6.8835791796445838 2.3214043155312538 33.750888865441084 16.544971436262134 14.674068160355089 5.2569682449102393 4.0430328026413909 6.0727687515318385 7.5260337963700321 11.084921404719354 9.0737738795578462 148.56057655438781 6.8946171998977643 24.474643334746361 10.923444703221319 21.779982097446922 55.378719598054886 86.780427552759647 31.701816152781248 28.478798381984234
leaf_count=168 1440 620 897 7 40 814 78 955 51 44 31 17 158 150 128 25 21 35 64 65 57 1607 62 209 65 123 546 509 185 166
internal_value=-0.000253206 0.00496879 -0.00261049 0.00230889 -0.0191627 0.0336593 0.0654173 0.0160333 0.0129341 -0.0370243 -0.0432845 0.0524336 0.00954173 0.0233592 0.0311877 0.0458521 0.0525919 -0.0360468 -0.0135656 0.0190937 0.0546497 -0.0482508 0.0371078 0.00305937 0.03703 -0.0193955 0.0588677 -0.00531076 -0.0234894 -0.00308074
internal_weight=1083.99 972.348 769.157 707.778 275.992 203.191 83.5259 431.786 98.6752 177.317 163.509 8.06515 374.961 194.249 171.631 129.273 124.016 22.6177 42.3588 27.6847 20.1587 155.444 13.8078 88.9496 35.3981 53.5515 56.8251 180.712 93.9315 62.2297
internal_count=9337 7897 6385 5488 2417 1512 698 3071 616 1801 1699 61 2518 1500 1315 1001 976 185 314 186 122 1638 102 565 274 291 553 1018 509 324
is_linear=0
shrinkage=0.08


Tree=33
num_leaves=31
num_cat=0
split_feature=21 4 335 10 10 209 220 170 0 169 64 120 10 1 68 132 332 332 340 4 348 0 65 168 352 329 120 112 162 329
split_gain=35.9716 19.0225 22.3004 19.3853 24.1621 20.4164 18.4227 17.7012 14.6911 13.2229 14.5787 13.4525 18.2649 13.7136 13.1065 12.8637 12.2864 13.1901 14.0376 14.0216 18.6438 14.7243 18.3488 11.5397 11.2772 11.0712 11.0707 10.7304 9.7873 9.65617
threshold=-1.0000000180025095e-35 1.0000000180025095e-35 6076.0000000000009 1266245888.0000002 1502018112.0000002 -18619.999999999996 702.00000000000011 4.3685519695281991 13807256.000000002 -5.069490671157836 1.0000000180025095e-35 4864.0000000000009 1520959296.0000002 165888.00000000003 1.5000000000000002 -7.734100103378295 1517568.0000000002 968704.00000000012 249524.00000000003 67.500000000000014 105464.00000000001 53277.000000000007 3.5000000000000004 -7.4499580860137931 982214.00000000012 47.000000000000007 33024.000000000007 -522495.99999999994 -6.6471223831176749 238.00000000000003
decision_type=2 2 2 2 2 2 2 2 2 2 2 2 2 2 2 2 2 2 2 2 2 2 2 2 2 2 2 2 2 2
left_child=1 -1 3 -3 -5 -6 -2 16 9 15 11 25 23 -14 27 -9 17 18 19 21 -21 -8 -23 -13 29 -11 -17 -12 -29 -15
right_child=6 2 -4 4 5 -7 7 8 -10 10 14 12 13 24 -16 26 -18 -19 -20 20 -22 22 -24 -25 -26 -27 -28 28 -30 -31
leaf_value=-0.084198911204909369 0.041606865790121288 -0.042889270762977619 -0.076852316176287308 0.089369997502683457 0.062365773131385249 -0.06499976639810974 -0.030475273026636138 0.068451129557949436 -0.068830885574835438 -0.068626189089760092 -0.0393128680800039 0.041509756786875289 -0.11697944179415899 0.065743370358868736 -0.090723750654498683 0.022039792351996792 -0.055934018794222044 0.046160198443849131 -0.090291157813994355 -0.044275274857161422 0.058888991494398767 -0.067324074006728088 0.037897448963546056 -0.017873547068198575 0.16607316684461551 0.062208839583018184 -0.083046962511410402 -0.03148249139325842 0.055263043550185492 -0.01873434818436517
leaf_weight=37.596100300550461 85.026371221989393 41.100220199674368 32.848187237977982 24.485301379114389 13.260195411741732 20.518831800669432 43.679404534399509 6.8568964228034011 13.946407102048395 4.6215802431106559 9.3509132415056211 23.898949220776558 3.181997023522853 29.34202504530549 4.8154383227229109 9.0356989428401011 36.347488470375538 27.461003832519054 13.924045551568268 86.157898969948292 12.888392724096773 12.061894722282885 87.912978004664183 169.34932863712311 5.1712961792945853 39.667263485491276 22.128957509994507 8.9302503541111928 122.6844142600894 12.285430714488028
leaf_count=948 835 632 613 164 90 295 300 56 91 25 46 167 17 222 39 53 236 221 103 644 89 67 549 1156 27 291 138 43 1097 83
internal_value=-0.000242534 -0.0339868 -0.0197084 -0.000817637 0.0288601 -0.0150015 0.0061905 0.00245297 0.0120887 0.0144831 0.0184524 0.00800343 0.000619317 0.0437262 0.0390605 -0.0307519 -0.0121394 -0.0065361 -0.0121751 -0.00769343 -0.030851 0.0082732 0.0252025 -0.0105296 0.0546531 0.0485561 -0.0525787 0.043494 0.0493772 0.0408116
internal_weight=1060.54 169.809 132.213 99.3645 58.2643 33.779 890.726 805.7 485.267 471.32 433.299 287.518 243.229 49.9807 145.781 38.0216 320.433 284.086 256.625 242.701 99.0463 143.654 99.9749 193.248 46.7988 44.2888 31.1647 140.966 131.615 41.6275
internal_count=9337 2742 1794 1181 549 385 6595 5760 3551 3460 3213 1988 1672 349 1225 247 2209 1973 1752 1649 733 916 616 1323 332 316 191 1186 1140 305
is_linear=0
shrinkage=0.08


Tree=34
num_leaves=31
num_cat=0
split_feature=0 339 331 10 21 76 335 63 340 329 168 63 351 88 10 2 9 348 351 314 132 330 332 182 351 170 330 168 351 0
split_gain=33.4375 24.0234 25.1348 17.4927 14.9889 13.9638 14.4788 16.1909 17.5535 13.4876 13.2837 13.0861 12.6169 11.7711 11.5751 11.9674 11.4504 11.3247 11.0968 11.0355 10.9544 10.7982 14.9959 11.2496 9.74857 9.74075 9.03538 8.97958 11.9487 8.90678
threshold=69644.000000000015 66.000000000000014 796.00000000000011 1289000896.0000002 -1.0000000180025095e-35 1.0000000180025095e-35 6004.0000000000009 12.500000000000002 176760.00000000003 2300.0000000000005 -6.7197513580322257 8.5000000000000018 694.00000000000011 -1.0000000180025095e-35 1460151936.0000002 1.0000000180025095e-35 6.0000000000000009 7956.0000000000009 1590.0000000000002 1.0000000180025095e-35 -6.9512977600097647 779080.00000000012 428032.00000000006 -32505.999999999996 1158.0000000000002 5.864199399948121 29888.000000000004 -6.3898799419403067 2318.0000000000005 3130443.5000000005
decision_type=2 2 2 2 2 2 2 2 2 2 2 2 2 2 2 2 2 2 2 2 2 2 2 2 2 2 2 2 2 2
left_child=4 2 16 12 -1 11 7 8 9 13 -6 -5 21 -7 15 26 24 -12 -16 -14 -11 22 -4 25 -2 -24 -8 28 -20 -9
right_child=1 -3 3 5 10 6 14 29 -10 20 17 -13 19 -15 18 -17 -18 -19 27 -21 -22 -23 23 -25 -26 -27 -28 -29 -30 -31
leaf_value=-0.062334050551498717 0.06502925996989091 -0.051989602477762575 -0.0086316938611592647 0.022138124367872512 0.073085905455645833 -0.14786138098706098 -0.077709362862845535 0.082682142243631102 -0.04116842807849605 0.057317529958758558 -0.014203539548328745 -0.049668654470577181 -0.05472883815641158 0.038303807429520317 -0.053825133759417859 -0.049296528012608531 -0.082379723895755652 -0.095117627273200833 0.14808826838995109 0.062237779219796216 -0.046516675681204295 -0.044655366454468812 -0.088939734556326352 0.061299046252135052 -0.053595730350303877 0.072635994280049229 0.091124566429316906 -0.066999124961539383 -0.034433860450601567 -0.042375909803338906
leaf_weight=62.036822475492954 74.727859113365412 42.35098584741354 131.70504431799054 28.363465692847967 10.155974738299845 2.1989162266254416 2.3278356343507829 42.823709614574909 26.210186306387186 8.8526935875415784 115.10540653020144 38.009489305317402 53.719638857990503 189.62769018858671 38.238518141210079 7.7631778120994559 3.9018541425466529 12.248209953308104 5.5981072783470136 5.7112006023526183 24.495415419340134 32.084304817020893 6.7459490038454515 40.850076153874397 4.713373400270938 3.6963534355163574 15.784036871045826 4.2218072637915602 3.890861801803112 3.9839101396501055
leaf_count=1320 785 450 1066 228 68 9 12 479 258 68 791 308 582 1412 329 72 27 108 30 36 119 199 45 308 31 19 78 41 39 20
internal_value=-0.000244358 0.00672922 0.00983677 0.00500261 -0.0296907 0.0148465 0.020818 0.0288377 0.0207939 0.0280062 -0.0149638 -0.0189831 -0.0108613 0.0361698 -0.00991069 0.0338056 0.0514193 -0.0219854 -0.031685 -0.0434885 -0.0189525 -0.0018458 0.00565985 0.0423567 0.0579911 -0.0317454 0.0694251 0.0300624 0.0732468 0.0720381
internal_weight=1042.14 842.596 800.245 716.902 199.546 442.39 376.017 298.193 251.385 225.175 137.51 66.373 274.513 191.827 77.8243 25.8751 83.3431 127.354 51.9493 59.4308 33.3481 215.082 182.997 51.2924 79.4412 10.4423 18.1119 13.7108 9.48897 46.8076
internal_count=9337 7050 6600 5757 2287 3502 2966 2365 1866 1608 967 536 2255 1421 601 162 843 899 439 618 187 1637 1438 372 816 64 90 110 69 499
is_linear=0
shrinkage=0.08


Tree=35
num_leaves=31
num_cat=0
split_feature=39 75 65 10 73 10 332 209 64 64 219 149 329 212 193 162 181 10 10 350 170 329 0 330 10 170 62 66 336 4
split_gain=31.6297 26.4426 26.1783 24.769 20.0191 19.7765 18.8381 16.1064 12.5499 11.4084 15.185 11.3179 11.182 11.0281 14.4852 12.8309 10.904 10.8481 12.6584 11.817 12.9499 10.5614 10.1944 16.303 15.165 14.6255 12.9551 12.8043 12.5125 12.3195
threshold=-1.0000000180025095e-35 1.5000000000000002 5.5000000000000009 1280679744.0000002 1.0000000180025095e-35 861951552.00000012 1935360.0000000002 -185015.99999999997 19.500000000000004 1.0000000180025095e-35 -2572.4999999999995 -4.0969135761260977 260.50000000000006 -37491.999999999993 4494.0000000000009 -6.6471223831176749 -63487.999999999993 1520632192.0000002 1409741184.0000002 556.00000000000011 3.4125491380691533 47.000000000000007 154680.00000000003 204806.00000000003 1088884608.0000002 3.8245259523391728 1.5000000000000002 1.0000000180025095e-35 225536.00000000003 67.500000000000014
decision_type=2 2 2 2 2 2 2 2 2 2 2 2 2 2 2 2 2 2 2 2 2 2 2 2 2 2 2 2 2 2
left_child=1 2 3 5 6 8 -3 12 -1 17 -11 13 -5 14 15 -10 -7 18 19 20 -9 -20 -18 24 -24 28 -25 -27 -26 -28
right_child=-2 4 -4 7 -6 16 -8 9 11 10 -12 -13 -14 -15 -16 -17 22 -19 21 -21 -22 -23 23 26 25 27 29 -29 -30 -31
leaf_value=0.095548932123057664 -0.042210751379082867 0.078631160740735492 -0.055559289624509518 0.070688966996481181 0.0096289399467094552 0.036393330111116312 -0.03079198107992593 0.080196619946810196 -0.017797084488457654 -0.041027798826085114 0.069039932564066778 -0.059666926876648971 -0.02716894728564876 -0.066918955391122359 -0.067050150061242569 0.070597973129968017 -0.064703889449040541 0.027049525500099852 -0.066547262282801098 -0.10250899219605597 0.0055146421500413415 -0.010412352834978112 -0.06126243725324982 -0.075973321897077478 0.14259650927766121 -0.022942641029600704 0.16220781190092329 0.16690032875495978 -0.090761247113411353 -0.10020245976133596
leaf_weight=10.195626303553579 103.29825480654836 66.255452360957861 55.076975420117378 45.423779617995024 116.15865597501397 12.917323634028433 11.8738398514688 21.562963727861643 14.894585683941832 10.294328913092611 36.338730324059725 15.70915077999234 8.9448499567806703 8.9915912300348264 8.7232488542795164 35.696639135479934 63.335374969989061 83.045738592743874 25.790585242211819 4.6877004429697982 47.802344433963299 127.46353862062097 13.95283345505595 36.425922278314829 10.233043257147072 19.504781082272533 3.0276544988155356 2.5738041810691348 1.7173348031938065 1.8414124660193918
leaf_count=61 1440 620 897 484 814 102 78 154 71 52 430 98 59 55 49 282 824 596 197 26 286 787 154 386 92 176 14 18 17 18
internal_value=-0.000235339 0.00447534 -0.0025383 0.00181315 0.0306895 -0.0175284 0.0620014 0.0140259 0.0117321 0.00784817 0.0447423 0.00156056 0.0545892 0.0156418 0.0281573 0.0445735 -0.034182 0.00230453 -0.00673595 0.0204226 0.0287304 -0.0198591 -0.0401556 -0.0227403 0.00897469 0.0377739 -0.0595908 -0.000811756 0.109062 0.0629679
internal_weight=1023.76 920.46 726.172 671.095 194.288 259.74 78.1293 411.355 94.2108 356.986 46.6331 84.0152 54.3686 68.3061 59.3145 50.5912 165.529 310.353 227.307 74.053 69.3653 153.254 152.612 89.2768 47.9818 34.029 41.295 22.0786 11.9504 4.86907
internal_count=9337 7897 6385 5488 1512 2417 698 3071 616 2528 482 555 543 457 402 353 1801 2046 1450 466 440 984 1699 875 457 303 418 194 109 32
is_linear=0
shrinkage=0.08


Tree=36
num_leaves=31
num_cat=0
split_feature=4 75 209 328 24 69 66 335 4 39 332 332 337 220 220 335 181 351 69 62 220 120 10 42 63 168 120 332 0 329
split_gain=29.1078 24.6354 23.3879 17.3332 16.961 15.984 14.6407 18.9791 13.5714 18.6986 13.1287 12.9949 13.207 12.2858 22.8361 11.5609 11.405 10.8691 11.2464 10.7718 12.6143 12.2962 13.7116 15.5945 14.044 10.141 9.76404 9.42218 10.5556 9.39025
threshold=1.0000000180025095e-35 1.5000000000000002 -208844.99999999997 8600.0000000000018 1.0000000180025095e-35 1131264.0000000002 1.0000000180025095e-35 6004.0000000000009 83.500000000000014 -1.0000000180025095e-35 141312.00000000003 215040.00000000003 2010.0000000000002 702.00000000000011 484.00000000000006 3324.0000000000005 -149503.99999999997 1078.0000000000002 582144.00000000012 1.0000000180025095e-35 2426.0000000000005 468992.00000000006 1513365888.0000002 -1.4999999999999998 10.500000000000002 -6.599156141281127 108800.00000000001 67584.000000000015 326916.50000000006 340.50000000000006
decision_type=2 2 2 2 2 2 2 2 2 2 2 2 2 2 2 2 2 2 2 2 2 2 2 2 2 2 2 2 2 2
left_child=4 2 5 6 -1 -2 8 17 9 19 27 -12 16 14 -11 -3 -13 -8 -19 21 -21 22 24 -24 -4 -14 -22 28 -10 -9
right_child=1 15 3 -5 -6 -7 7 29 10 13 11 12 25 -15 -16 -17 -18 18 -20 20 26 -23 23 -25 -26 -27 -28 -29 -30 -31
leaf_value=0.028833848043401059 0.057095164298563608 0.037981933791995839 -0.0061046659991127444 -0.039283336260970046 -0.071168859127011916 -0.048171104181206341 0.060447861719836328 -0.05711237248684671 -0.067037933988482165 -0.065975077926538547 0.022870162503191533 0.058867313795931533 0.11031718016814818 -0.085474467171462565 0.21310889677252021 -0.0093280566054211554 -0.058066661581330878 -0.070375537507793573 0.090771908689889366 -0.10367390362419614 0.11061883693389414 0.058083157903335111 -0.055246981802499748 0.042927934245485695 -0.077423113685531897 -0.030125710874817253 -0.083849723994231184 -0.098295562267773084 0.081796424040232782 0.11840424695730999
leaf_weight=13.596690790727733 59.035108260810375 159.91736380010843 147.86802295967937 96.784799847751856 53.819560585543513 10.943094152957199 59.208226222544909 19.458229102194313 8.6839819326996786 5.659164756536482 39.578694153577089 5.8547639846801749 6.5697016976773739 24.08285721577704 2.8072348237037659 41.671241469681263 60.503314964473248 8.9439163282513601 4.0163915529847136 2.4779212996363666 15.207813173532488 23.997161753475666 12.423069052398203 62.203147914260626 20.069635588675737 6.5922824814915639 1.8538060784339894 24.401034846901894 4.7004491686820975 2.168216183781623
leaf_count=111 588 1358 960 1269 1087 99 611 176 78 36 313 31 34 532 13 267 462 53 20 14 92 232 77 419 116 51 11 182 29 16
internal_value=-0.000226676 0.00342377 -0.00336216 -0.00798413 -0.051 0.0406338 -0.00266332 0.0262229 -0.00836088 0.00112209 -0.0276219 -0.0145866 -0.0332296 -0.0563327 0.0265618 0.0282023 -0.0477496 0.0459224 -0.020436 0.00765864 0.064993 0.0034559 -0.00194845 0.0265847 -0.0146277 0.0399753 0.0894891 -0.0687087 -0.0147691 -0.0395155
internal_weight=1005.1 937.681 736.092 666.114 67.4163 69.9782 569.329 93.795 475.534 318.65 156.884 119.099 79.5201 32.5493 8.4664 201.589 66.3581 72.1685 12.9603 286.101 19.5395 266.561 242.564 74.6262 167.938 13.162 17.0616 37.7855 13.3844 21.6264
internal_count=9337 8139 6514 5827 1198 687 4558 876 3682 2502 1180 891 578 581 49 1625 493 684 73 1921 117 1804 1572 496 1076 85 103 289 107 192
is_linear=0
shrinkage=0.08


Tree=37
num_leaves=31
num_cat=0
split_feature=4 39 170 75 73 24 328 10 353 332 42 69 218 109 332 132 330 155 352 91 91 10 312 0 0 329 346 220 159 170
split_gain=25.7238 21.2141 19.4239 18.9636 17.4407 15.2787 14.9044 14.0223 13.4903 13.297 12.02 11.9255 11.2401 12.3053 10.177 10.4231 10.2664 9.86832 9.57831 9.51553 13.6507 9.2473 9.23892 8.66208 11.1218 12.3264 14.1988 12.3021 17.8696 16.9155
threshold=1.0000000180025095e-35 -1.0000000180025095e-35 0.91884586215019237 1.5000000000000002 1.0000000180025095e-35 1.0000000180025095e-35 14136.000000000002 1520632192.0000002 656.50000000000011 3454976.0000000005 -1.4999999999999998 819456.00000000012 -759296.99999999988 -157951.99999999997 29056.000000000004 -6.6147687435150138 2469932.0000000005 -7.8434824943542472 2413756.0000000005 24320.000000000004 39680.000000000007 1487670400.0000002 -1.0000000180025095e-35 7515005.0000000009 1130063.5000000002 75.500000000000014 60728.000000000007 27578.000000000004 -3.3076324462890621 6.2835412025451669
decision_type=2 2 2 2 2 2 2 2 2 2 2 2 2 2 2 2 2 2 2 2 2 2 2 2 2 2 2 2 2 2
left_child=5 2 18 6 9 -1 7 12 11 22 -9 17 -4 -14 -12 -16 -17 -6 -2 -8 21 -21 -5 24 27 -26 -27 28 -15 -29
right_child=1 -3 3 4 8 -7 19 10 -10 -11 14 -13 13 23 15 16 -18 -19 -20 20 -22 -23 -24 -25 25 26 -28 29 -30 -31
leaf_value=0.026711258095662757 0.053636673672322131 -0.034319141956377169 -0.055273240034401261 -0.15326791900706785 -0.030032770085508302 -0.068936295052010502 -0.068006359181530321 -0.051852045726073291 0.065863041420174934 -0.070268170979050831 -0.06669469185838689 -0.072101797146604543 0.085386673460587204 0.04216147530012547 -0.046599214446136406 0.059186442273882291 -0.079481146209285106 0.032608631458217296 -0.15342018631919604 0.11667218334964721 -0.045936791187509311 -0.031038978171613944 0.074126557893933159 -0.064100200916244993 0.11600118849558659 -0.017954429773819162 0.048172804743936072 -0.05599943261159613 -0.012489169993671386 0.01180504812635319
leaf_weight=13.50685431063175 63.854119583964348 87.357053564861417 26.57640353962779 1.1659579202532757 27.350630313158035 51.22545788064599 34.332406036555767 10.775592908263205 19.826859284192324 4.6758672371506682 5.6323274560272685 15.018461123108862 10.154168602079151 53.37635624781251 7.3775057643651953 74.89443739131093 3.5803892984986296 39.112115368247032 1.4625986292958248 7.3153410553932172 21.231899965554476 4.3109772130846977 59.40617872402072 14.68232726305723 8.2673228159546834 43.572343409061432 39.729991268366575 65.211324792355299 135.49255789257586 36.856554318219423
leaf_count=111 612 1210 192 6 148 1087 514 79 238 28 31 86 78 426 58 653 18 231 11 58 291 45 571 103 59 280 430 471 959 253
internal_value=-0.000229013 0.00319141 0.00711459 0.00356123 0.0274579 -0.0489788 -0.00303528 0.00141568 0.00668236 0.0597153 0.0280656 -0.00771811 -0.00486481 -0.00157599 0.0374787 0.044313 0.0528598 0.00683055 0.0490002 -0.0385539 -0.00778 0.0619017 0.0697494 -0.0037992 -0.00148458 0.0228308 0.0135841 -0.00913761 0.00295568 -0.0315153
internal_weight=987.332 922.6 835.243 769.926 166.556 64.7323 603.37 536.18 101.308 65.248 102.26 81.4812 433.919 407.343 91.4847 85.8523 78.4748 66.4627 65.3167 67.1906 32.8582 11.6263 60.5721 397.189 382.506 91.5697 83.3023 290.937 188.869 102.068
internal_count=9337 8139 6929 6306 1308 1198 4998 4090 703 605 839 465 3251 3059 760 729 671 379 623 908 394 103 577 2981 2878 769 710 2109 1385 724
is_linear=0
shrinkage=0.08


Tree=38
num_leaves=31
num_cat=0
split_feature=0 339 331 335 10 10 348 10 352 4 4 4 335 352 61 351 193 9 1 120 330 1 209 0 162 338 76 337 340 351
split_gain=24.0626 18.5339 20.2201 13.3264 13.1496 11.4515 14.5242 11.4821 12.8732 10.2907 11.653 15.8121 13.6244 11.5129 11.8544 9.59619 9.26961 9.17722 9.04685 14.9231 8.84318 11.1051 9.92671 9.69803 10.3161 12.941 8.81245 8.80815 8.78432 11.1242
threshold=69644.000000000015 66.000000000000014 796.00000000000011 806.00000000000011 1289000896.0000002 1258729216.0000002 7956.0000000000009 1422338816.0000002 41048.000000000007 622.50000000000011 7.5000000000000009 83.500000000000014 5460.0000000000009 262748.00000000006 5.5000000000000009 694.00000000000011 2722.5000000000005 6.0000000000000009 3516416.0000000005 182016.00000000003 779080.00000000012 694272.00000000012 -208844.99999999997 1882927.5000000002 -6.6040096282958975 198656.00000000003 7.5000000000000009 18.000000000000004 135952.00000000003 162.00000000000003
decision_type=2 2 2 2 2 2 2 2 2 2 2 2 2 2 2 2 2 2 2 2 2 2 2 2 2 2 2 2 2 2
left_child=3 2 17 5 15 16 7 8 -7 10 28 12 26 18 -15 20 -1 -2 19 -13 21 22 -4 24 -24 -26 -12 -14 29 -6
right_child=1 -3 4 -5 9 6 -8 -9 -10 -11 11 13 27 14 -16 -17 -18 -19 -20 -21 -22 -23 23 -25 25 -27 -28 -29 -30 -31
leaf_value=-0.049208926077374295 0.05406586749105096 -0.047963923787591976 0.10360006274420697 -0.084357336444666142 0.015082649469944932 0.065930710200144252 -0.0976976489345939 -0.013077187093227693 -0.09120621760659979 -0.082467398893700056 0.066097788163521048 0.0033301210851059966 0.039742857677008712 0.040796772797416551 -0.10782889728124544 -0.040002068862181044 0.11214206414716245 -0.077755355611635241 0.077592353249250026 -0.070768148209069986 -0.041499973405961753 0.047159341488686772 0.060638225675091965 -0.058576712049413705 0.0039263451244992646 -0.072853245012492268 -0.15007245750868051 -0.096501786211124027 -0.044770148972788991 -0.087250808830471357
leaf_weight=64.782592479139566 72.066422544419765 38.921171829104424 5.2148192375898352 22.248788062483072 77.217927036806941 28.461927730590105 8.8678510561585409 52.809599410742521 3.7797506824135771 7.0922129638493052 78.300620581954718 92.414658300578594 6.0898885801434499 76.816528011113405 3.5953225642442694 53.75644089654088 2.3618374764919272 3.5463589653372756 7.9616535454988471 21.428399585187435 30.825563214719296 32.496909838169813 15.666357219219206 21.202924400568008 81.990324014797807 16.954633500427008 1.225832313299178 6.057668674737215 29.265015477314591 7.4548492617905131
leaf_count=1150 816 450 27 406 648 222 81 393 21 56 738 626 34 759 36 618 14 27 61 142 199 300 85 144 717 165 8 55 296 43
internal_value=-0.000216348 0.00585987 0.00865812 -0.0263215 0.00425129 -0.0183046 -0.000268219 0.00989024 0.0475093 0.0130709 0.0147323 0.0231523 0.0507122 0.0106581 0.0341515 -0.0099266 -0.0435333 0.0478832 -0.00485148 -0.0106172 -0.00201499 0.00499921 -0.00471562 -0.00887459 0.000320233 -0.00923016 0.0627657 -0.0281988 -0.00698618 0.0060729
internal_weight=970.875 787.563 748.641 183.312 673.029 161.064 93.9191 85.0513 32.2417 414.921 407.828 293.891 91.674 202.217 80.4119 258.108 67.1444 75.6128 121.805 113.843 204.352 173.526 141.029 135.814 114.611 98.945 79.5265 12.1476 113.938 84.6728
internal_count=9337 7050 6600 2287 5757 1881 717 636 243 3502 3446 2459 835 1624 795 2255 1164 843 829 768 1637 1438 1138 1111 967 882 746 89 987 691
is_linear=0
shrinkage=0.08


Tree=39
num_leaves=31
num_cat=0
split_feature=39 168 75 65 328 73 66 335 24 10 335 118 337 335 332 159 338 182 61 149 10 1 331 169 0 332 120 348 170 23
split_gain=21.0098 18.3079 17.0508 17.7822 14.1176 14.0429 13.5668 15.0928 12.8279 12.6568 13.5467 12.6609 12.1613 11.8365 11.0048 10.8052 10.9845 17.8317 9.89492 11.986 13.2229 10.0296 11.4636 13.7294 13.2909 9.84624 9.77896 11.4028 9.7617 9.02153
threshold=-1.0000000180025095e-35 -7.0844006538391104 1.5000000000000002 5.5000000000000009 8600.0000000000018 1.0000000180025095e-35 1.0000000180025095e-35 5692.0000000000009 1.5000000000000002 1520157120.0000002 8700.0000000000018 -206079.99999999997 26496.000000000004 11076.000000000002 2549760.0000000005 -5.4348578453063956 231424.00000000003 -32505.999999999996 1.0000000180025095e-35 -4.4259128570556632 1513365888.0000002 243712.00000000003 2386.0000000000005 -4.6379489898681632 147467.50000000003 3147776.0000000005 73888.000000000015 53708.000000000007 2.4511753320693974 -1.0000000180025095e-35
decision_type=2 2 2 2 2 2 2 2 2 2 2 2 2 2 2 2 2 2 2 2 2 2 2 2 2 2 2 2 2 2
left_child=1 8 3 4 6 14 9 12 -1 10 11 -3 -8 -12 -4 -13 18 -18 19 -17 28 22 24 -24 -20 -11 27 -9 -21 -2
right_child=29 2 5 -5 -6 -7 7 26 -10 25 13 15 -14 -15 -16 16 17 -19 21 20 -22 -23 23 -25 -26 -27 -28 -29 -30 -31
leaf_value=0.046048070348981243 -0.020461790027927761 -0.04830757609287039 0.064362703824817083 -0.059211841353028739 -0.040155091580721523 0.0051525245382635834 0.066475437020006203 -0.10749501180244048 -0.044147569675819807 0.036229506695526818 0.14366038409374032 0.071125430489709762 -0.03657128931923178 0.010228904969269511 -0.064002975708361581 0.084366898613045069 -0.050678728884994126 0.055589165550662616 -0.097786432015945182 0.024769894752880203 0.030840297938153478 -0.041081391241074135 -0.020258583423598021 0.069274957074843033 0.11556308985813812 -0.10608178446395768 -0.068973566149665336 0.090719656952807495 -0.054128565174535494 -0.075383390627337996
leaf_weight=88.987224187701941 66.818262729793787 57.96213847771287 53.050611831247807 38.809025624766946 59.13255950063467 108.22649785131216 51.463937373831868 2.5398053936660308 11.382534019649027 58.558088511228561 6.4012234061956432 10.836546562612055 8.547100901603697 12.689579267054794 4.6488367542624465 5.4773613512516013 14.369185868650673 34.059661366045475 8.7345001921057683 11.145509235560892 16.302055403590202 23.037543296813965 16.847430408000946 31.373228969052434 2.3774007633328429 3.2861230447888365 13.289779564365743 6.9137418903410435 100.83419942483306 26.826329477131367
leaf_count=810 975 437 543 798 783 792 577 27 101 463 31 96 46 76 30 37 90 316 68 77 99 136 88 228 17 19 133 41 938 465
internal_value=-0.000208033 0.00370473 -0.000531407 -0.0068555 -0.00320218 0.0221459 0.00119404 0.0307665 0.0358193 -0.00471303 -0.0105704 -0.0143237 0.051799 0.054969 0.0540203 -0.00717115 -0.0103782 0.0240587 -0.0180947 -0.0315273 -0.0364758 0.00371839 0.0211132 0.0379935 -0.0521401 0.0286677 -0.0247302 0.037467 -0.0462757 -0.0361952
internal_weight=954.928 861.283 760.914 594.988 556.179 165.926 497.046 82.7544 100.37 414.292 352.448 333.357 60.011 19.0908 57.6994 275.395 264.558 48.4288 216.129 133.759 128.282 82.3701 59.3326 48.2207 11.1119 61.8442 22.7433 9.45355 111.98 93.6446
internal_count=9337 7897 6986 5621 4823 1365 4040 824 911 3216 2734 2627 623 107 573 2190 2094 406 1688 1151 1114 537 401 316 85 482 201 68 1015 1440
is_linear=0
shrinkage=0.08


Tree=40
num_leaves=31
num_cat=0
split_feature=4 314 339 10 348 10 155 220 69 312 162 335 351 335 24 340 141 329 42 348 73 0 109 350 337 89 4 10 132 212
split_gain=20.032 17.2108 16.8987 18.5995 15.0267 17.1676 13.9573 19.6406 16.8336 14.3054 13.931 13.8175 13.641 15.8525 13.27 12.3701 12.0869 11.8275 12.0353 13.4468 11.1192 11.3189 11.0149 10.4473 10.0402 9.66413 9.55036 9.28214 9.82397 8.63023
threshold=1.0000000180025095e-35 1.0000000180025095e-35 66.000000000000014 1280679744.0000002 299332.00000000006 1395205184.0000002 -7.8434824943542472 189648.00000000003 1131264.0000000002 -1.0000000180025095e-35 -6.5283422470092765 11292.000000000002 1158.0000000000002 7020.0000000000009 1.0000000180025095e-35 26644.000000000004 2.1648881435394292 47.000000000000007 -1.4999999999999998 69860.000000000015 1.0000000180025095e-35 343448.00000000006 -3871.9999999999995 556.00000000000011 1.0000000180025095e-35 -1.0000000180025095e-35 63.500000000000007 1522249152.0000002 -5.7311003208160392 -37491.999999999993
decision_type=2 2 2 2 2 2 2 2 2 2 2 2 2 2 2 2 2 2 2 2 2 2 2 2 2 2 2 2 2 2
left_child=14 2 3 10 5 15 7 -3 9 -8 16 17 13 -6 -1 23 29 20 -19 -20 21 22 -7 -5 -12 -11 -25 -14 -29 -2
right_child=1 6 -4 4 12 11 8 -9 -10 25 24 -13 27 -15 -16 -17 -18 18 19 -21 -22 -23 -24 26 -26 -27 -28 28 -30 -31
leaf_value=0.025660043469167438 0.0088387329553955962 -0.034781829798180668 -0.052529762614179083 0.056946462761211028 0.090546459414178743 -0.10229598963254136 -0.15323437089654734 0.095676162024386044 -0.044189697028136445 -0.061521767980399975 -0.013484813420314774 -0.058742920300365063 -0.045375364588453052 -0.094323190704484375 -0.065363294325587296 -0.034410893978180666 0.066383715242235325 -0.055899574629216624 0.004838251053240517 0.062664619789368867 -0.13412504695380553 0.030117716974428617 0.1054983493791567 0.10080096310749842 -0.051848191616035787 0.073361271607926118 -0.14918689633768165 -0.026940771022441384 0.13946390959316385 -0.087187039070779696
leaf_weight=13.172531707212327 32.453461192548275 34.863408800214529 39.8860550429672 68.781252015382051 36.36699927598238 11.469695542007683 1.938358038663863 9.370922885835169 11.07714533805847 3.5705396868288508 123.04480579122901 26.931254601106048 13.267601978033783 3.2324098255485287 46.209974111989141 13.384215869009493 20.785123728215694 17.836064551025629 198.43497068434954 29.571616485714912 6.8299387395381919 14.043757908046244 1.9036233406513954 1.4398268349468697 67.673736514523625 71.010146230459213 3.0495953112840652 4.3687788844108582 4.7276805471628887 7.3458386808633795
leaf_count=111 173 203 511 524 481 109 10 149 79 25 1161 373 100 41 1087 84 221 167 1582 291 34 105 15 12 944 623 15 25 34 48
internal_value=-0.000202163 0.00283704 -0.00186707 0.000991347 0.0106282 0.00486444 0.0294861 -0.00714466 0.0479839 0.0613273 -0.0164814 -0.00401097 0.0472477 0.075456 -0.045172 0.0363103 0.016938 0.00125163 0.00738742 0.0123381 -0.0427942 -0.0200426 -0.0727175 0.0492288 -0.0270975 0.0669038 -0.0690119 -0.00269986 0.0595443 -0.00888494
internal_weight=938.041 878.659 746.828 706.942 455.639 393.676 131.831 44.2343 87.5962 76.519 251.303 307.021 61.9635 39.5994 59.3825 86.6549 60.5844 280.09 245.843 228.007 34.247 27.4171 13.3733 73.2707 190.719 74.5807 4.48942 22.3641 9.09646 39.7993
internal_count=9337 8139 7050 6539 3992 3311 1089 352 737 658 2547 2676 681 522 1198 635 442 2303 2040 1873 263 229 124 551 2105 648 27 159 59 221
is_linear=0
shrinkage=0.08


Tree=41
num_leaves=31
num_cat=0
split_feature=0 169 331 170 69 335 64 339 4 82 4 331 168 340 0 0 218 118 168 120 209 168 159 335 141 24 168 168 351 76
split_gain=18.5705 15.6181 15.3066 12.3833 13.4908 11.9361 10.6853 10.3528 9.59839 11.9773 9.78192 16.2623 9.47953 9.44146 11.5045 9.19681 10.9833 13.1385 16.4128 11.8387 9.42728 8.79808 8.78508 8.65205 8.51182 8.67482 8.40186 8.22913 8.11381 7.7935
threshold=69644.000000000015 -5.069490671157836 796.00000000000011 5.0977873802185067 1047808.0000000001 806.00000000000011 1.0000000180025095e-35 66.000000000000014 1.0000000180025095e-35 -2687.9999999999995 26.500000000000004 2522.0000000000005 -6.5523567199707022 135952.00000000003 3939904.0000000005 205118.50000000003 -33338.999999999993 -186623.99999999997 -6.2612822055816642 13568.000000000002 -33729.999999999993 -7.4499580860137931 -0.63244524598121632 11076.000000000002 1.8728429675102236 1.0000000180025095e-35 -6.7197513580322257 -6.4196348190307608 1158.0000000000002 2.5000000000000004
decision_type=2 2 2 2 2 2 2 2 2 2 2 2 2 2 2 2 2 2 2 2 2 2 2 2 2 2 2 2 2 2
left_child=5 12 7 4 13 8 21 28 -1 -10 22 -12 -2 14 15 20 17 18 -17 -18 -4 -5 -11 -8 25 -21 -13 -14 -3 -15
right_child=1 2 3 6 -6 -7 23 -9 9 10 11 26 27 29 -16 16 19 -19 -20 24 -22 -23 -24 -25 -26 -27 -28 -29 -30 -31
leaf_value=-0.067043845232390611 0.033093051946961154 0.058087611692923834 0.052905991586907695 0.051063066535989812 -0.050557255563578915 -0.082082403818505317 0.046708028197491286 -0.10950381114017889 -0.077781925947371114 0.11460018231590752 -0.063622057619696804 0.11356224417491202 -0.10308046214103088 -0.040063194861720774 -0.051507654177332149 0.042490937040482291 0.025032755005657138 0.073894920474785172 -0.046863531125694191 -0.062053140928170381 -0.024246779093566019 -0.0011068543966330801 0.01372796026970712 -0.066954839974026334 -0.071433331872477024 0.071216722686796935 0.00071952901260277701 -0.028952615300482761 -0.053099397133739415 0.056162008298652637
leaf_weight=20.59579429961741 10.589596059173344 61.812101453542709 12.019471446052192 24.13832768984139 37.09518769569695 19.973588963970542 82.767615830525756 2.6920507811009875 14.152474977076052 6.2793555855751029 30.103998048231006 4.9370145350694612 13.603154715150593 49.849750354886055 20.338598776608706 42.867441019043326 44.184137728065252 40.020067922770977 18.981793450191617 5.5849726349115354 64.680321769788861 144.75283058919013 46.035298278555274 4.520173165947198 19.762428654357791 7.0995115581899881 29.193865612149242 32.444005884230137 4.5067115947604171 6.0394901670515528
leaf_count=631 105 772 110 203 340 406 964 21 193 64 299 37 120 678 137 378 294 281 174 43 768 1117 387 53 124 53 270 236 31 48
internal_value=-0.000187683 0.00523778 0.00853563 0.00458596 -0.00480503 -0.0239569 0.0180952 0.044289 -0.0162835 -0.00828476 0.000154201 -0.0207615 -0.0351559 0.000315802 0.00639698 0.0110118 0.0209669 0.0381784 0.0150677 -0.00191315 -0.0121563 0.0063494 0.0258357 0.040822 -0.0386064 0.0125381 0.0170422 -0.0508513 0.0505319 -0.0296649
internal_weight=921.621 750.35 693.713 624.702 368.523 171.271 256.179 69.0109 151.298 130.702 116.55 64.2349 56.6368 331.428 275.539 255.2 178.5 101.869 61.8492 76.6311 76.6998 168.891 52.3147 87.2878 32.4469 12.6845 34.1309 46.0472 66.3188 55.8892
internal_count=9337 7050 6589 5765 3428 2287 2337 824 1881 1250 1057 606 461 3088 2362 2225 1347 833 552 514 878 1320 451 1017 220 96 307 356 803 726
is_linear=0
shrinkage=0.08


Tree=42
num_leaves=31
num_cat=0
split_feature=39 75 10 67 331 182 10 220 305 270 0 219 170 331 0 0 330 10 1 72 332 170 330 61 62 4 63 23 69 220
split_gain=16.5997 14.4016 15.2083 18.5421 14.4122 13.6414 13.0485 10.8643 10.1516 12.3546 9.73812 9.2157 10.1836 8.81155 8.89869 8.2445 15.4653 12.4169 9.82505 9.38083 8.86469 8.23452 11.531 10.1395 8.19857 9.11994 8.63787 8.08587 7.97359 7.89154
threshold=-1.0000000180025095e-35 2.5000000000000004 1280679744.0000002 5.5000000000000009 1602.0000000000002 -46347.999999999993 861951552.00000012 2050.0000000000005 1.0000000180025095e-35 1.0000000180025095e-35 10760.000000000002 -2572.4999999999995 5.4838039875030526 2386.0000000000005 21436037.000000004 147467.50000000003 204806.00000000003 1088884608.0000002 99920.000000000015 3.5000000000000004 428032.00000000006 7.8789124488830575 3838888.0000000005 5.5000000000000009 1.5000000000000002 67.500000000000014 10.500000000000002 -1.0000000180025095e-35 705024.00000000012 417884.00000000006
decision_type=2 2 2 2 2 2 2 2 2 2 2 2 2 2 2 2 2 2 2 2 2 2 2 2 2 2 2 2 2 2
left_child=1 2 6 4 5 -4 7 -1 -8 -10 -6 12 -3 -12 21 -11 17 20 19 -19 -17 22 -15 -23 26 -26 -18 -2 -13 -20
right_child=27 11 3 -5 10 -7 8 -9 9 15 13 28 -14 14 -16 16 24 18 29 -21 -22 23 -24 -25 25 -27 -28 -29 -30 -31
leaf_value=0.087610021893148232 -0.018369315347325429 0.071265291519832172 -0.11113755045991262 -0.04108589860032618 -0.10373312573699606 0.05153779489206934 -0.070909704727805029 0.00094317002479197274 0.11163776565380426 -0.045417537444326035 -0.042032880548059162 0.090851059752023011 -0.12590727134309013 0.012879332571671627 -0.083393821318247796 -0.058146515238612598 -0.064593834536437231 0.25876397894110631 0.015538832922839838 0.043114180053069558 0.18548418225064972 0.067226296998348839 -0.074101435473248489 -0.092907062198985535 0.14207130306604809 -0.09825304865299668 0.11102964022337621 -0.072858684617216507 -0.022524057521078153 0.14278692918064623
leaf_weight=10.254793923348187 63.82133549451828 3.2153167501091948 3.4430354777723542 42.004261739552021 4.9517925176769486 78.911914460361004 27.240747885778546 95.152135901153088 4.5620136559009543 59.611292580142617 20.260419143363833 24.396963957697157 3.5027104839682579 292.85550891794264 6.1110665649175635 14.310946157202123 36.530253525823355 2.4576772898435584 32.746099630370736 2.7195303440093994 1.0242360234260548 28.580846244469289 10.090497408062218 2.776502586901187 2.9105715304613105 1.5481259450316427 1.8848228156566609 23.977668426930904 4.7416779659688464 3.4475643858313552
leaf_count=75 975 18 25 457 30 917 509 872 31 740 134 265 18 2284 39 166 423 13 307 18 6 335 68 43 15 19 14 465 30 26
internal_value=-0.000185467 0.00334518 0.00108438 0.00973724 0.0145026 0.0447368 -0.0132198 0.00937479 -0.0256895 -0.018167 0.00769254 0.0529277 -0.0315385 0.00922233 0.0122729 -0.0218869 -0.00780075 0.0196127 0.0424045 0.145486 -0.0418744 0.0140217 0.00998219 0.0530475 -0.0440586 0.0586271 -0.0559769 -0.0332502 0.0724017 0.0276596
internal_weight=910.042 822.243 786.387 489.986 447.982 82.3549 296.401 105.407 190.994 163.753 365.627 35.8567 6.71803 360.675 340.414 159.191 99.5798 56.7061 41.3709 5.17721 15.3352 334.303 302.946 31.3573 42.8738 4.4587 38.4151 87.799 29.1386 36.1937
internal_count=9337 7897 7566 4332 3875 942 3234 947 2287 1778 2933 331 36 2903 2769 1747 1007 536 364 31 172 2730 2352 378 471 34 437 1440 295 333
is_linear=0
shrinkage=0.08


Tree=43
num_leaves=31
num_cat=0
split_feature=4 75 209 24 61 329 73 299 332 353 69 75 328 327 66 335 70 168 209 99 336 220 329 62 4 10 335 0 218 42
split_gain=15.4317 13.6316 16.0134 11.5673 11.5152 11.3417 9.03993 11.9187 13.1065 9.33312 9.66845 9.05875 8.70568 10.1542 8.24708 11.4327 8.4838 8.25607 13.5723 8.22453 8.87584 7.92779 7.76346 7.72424 12.2687 7.87762 11.2651 14.9137 10.7499 8.05255
threshold=1.0000000180025095e-35 1.5000000000000002 -185015.99999999997 1.0000000180025095e-35 8.5000000000000018 260.50000000000006 1.0000000180025095e-35 -1.0000000180025095e-35 1316864.0000000002 386.00000000000006 819456.00000000012 2.5000000000000004 8600.0000000000018 1.0000000180025095e-35 1.0000000180025095e-35 6004.0000000000009 2560.0000000000005 -6.5221569538116446 -35469.999999999993 -1.0000000180025095e-35 1263616.0000000002 1218.0000000000002 340.50000000000006 1.5000000000000002 81.500000000000014 1520157120.0000002 8700.0000000000018 284212.00000000006 -207527.99999999997 -1.4999999999999998
decision_type=2 2 2 2 2 2 2 2 2 2 2 2 2 2 2 2 2 2 2 2 2 2 2 2 2 2 2 2 2 2
left_child=3 2 5 -1 12 -2 7 -3 -9 10 11 -8 13 14 23 16 17 18 -16 20 -5 -19 -17 25 -25 26 28 -28 -4 -27
right_child=1 6 4 19 -6 -7 9 8 -10 -11 -12 -13 -14 -15 15 22 -18 21 -20 -21 -22 -23 -24 24 -26 29 27 -29 -30 -31
leaf_value=0.025506363893350398 0.052037288571788833 -0.062576123713868573 -0.051523813112584284 0.14848517977540163 -0.078671489362611938 -0.030442529733030486 -0.0070443289556818547 0.069701988548153737 -0.018480139471845559 0.058431174404324951 -0.063743686291537718 0.061882741513482546 -0.030273329019477543 0.091384535349170917 -0.04441602676797958 -0.051282215478609089 0.17187514682792723 0.082915645631538748 0.079201139190711575 -0.073389734297301237 -0.090280339683193489 -0.0330929886903117 0.10807081559227795 0.085609209124334368 -0.084019024175771118 -0.049387875051680588 -0.082163330491789199 0.084261736494655889 -0.011713703920325409 0.024760078765110605
leaf_weight=12.674164239317177 51.420605544000864 6.2641841005533925 52.213589355349541 2.3283651620149604 13.980755552649496 13.463736679404972 56.70157665759325 55.81911862641573 13.37106119468808 18.480712719261646 14.523267000913618 15.549557004123924 76.968788931146264 7.4382368866354218 7.083356548100709 17.024557758122686 2.8777341395616522 4.8362026847898987 28.779384084045887 37.742708660662174 1.7418612837791441 17.102204982191324 2.2107393741607657 12.219975531101225 3.5134481377899638 10.974438825622199 4.5135270375758436 14.571467496454714 257.49534587562084 64.26883932761848
leaf_count=111 600 95 433 11 227 124 334 625 101 248 87 135 1132 94 45 172 23 59 421 1054 22 106 16 83 30 114 91 84 2073 587
internal_value=-0.000181476 0.00248343 -0.00282572 -0.0414444 -0.00692099 0.0349224 0.0219608 0.0430938 0.0526607 0.00681114 -0.00418259 0.00778984 -0.00520357 -0.0013986 -0.00277976 0.0207754 0.037812 0.0311374 0.0547851 -0.0617382 0.046305 -0.00751952 -0.0329676 -0.00726409 0.0477293 -0.00940557 -0.0147493 0.0449029 -0.0184253 0.0139454
internal_weight=898.154 843.666 662.957 54.4871 598.073 64.8843 180.709 75.4544 69.1902 105.255 86.7744 72.2511 584.092 507.123 499.685 79.9142 60.6789 57.8011 35.8627 41.8129 4.07023 21.9384 19.2353 419.771 15.7334 404.037 328.794 19.085 309.709 75.2433
internal_count=9337 8139 6514 1198 5790 724 1625 821 726 804 556 469 5563 4431 4337 842 654 631 466 1087 33 165 188 3495 113 3382 2681 175 2506 701
is_linear=0
shrinkage=0.08


Tree=44
num_leaves=31
num_cat=0
split_feature=0 159 4 336 7 10 10 352 340 169 132 340 72 24 10 109 118 120 168 10 331 170 329 192 74 332 330 331 4 69
split_gain=14.495 12.9669 11.6314 11.2381 9.68788 10.926 11.4551 13.6773 10.1888 8.80521 11.7998 10.0508 15.644 14.5904 9.22981 8.71108 8.11722 13.8003 17.4433 15.0199 10.4665 13.0984 10.765 9.80885 9.44207 10.6377 9.46099 8.97217 7.66359 7.60724
threshold=135222.50000000003 -5.2848246097564688 622.50000000000011 15206116.000000002 1.0000000180025095e-35 1258729216.0000002 1422338816.0000002 41048.000000000007 28968.000000000004 -5.0639846324920645 -7.734100103378295 135952.00000000003 4.5000000000000009 1.5000000000000002 1528896768.0000002 -222207.99999999997 -216831.99999999997 163072.00000000003 -6.0421960353851309 1519664192.0000002 2188.0000000000005 6.2835412025451669 118.00000000000001 -3205.9999999999995 3.5000000000000004 133120.00000000003 53250.000000000007 2770.0000000000005 88.500000000000014 1.0000000180025095e-35
decision_type=2 2 2 2 2 2 2 2 2 2 2 2 2 2 2 2 2 2 2 2 2 2 2 2 2 2 2 2 2 2
left_child=1 -1 3 9 5 -3 7 8 -7 10 -2 15 14 -14 -13 -11 17 18 19 -17 -18 22 27 -24 25 26 -23 -22 -28 -29
right_child=2 4 -4 -5 -6 6 -8 -9 -10 11 -12 12 13 -15 -16 16 20 -19 -20 -21 21 24 23 -25 -26 -27 28 29 -30 -31
leaf_value=0.063368239672980373 0.079172593839300434 -0.038809654621269007 -0.080494261216235957 -0.071720159746308326 -0.070492513031241086 0.062046167847232214 -0.01801747368711188 -0.081170774259596498 -0.12009921174966015 0.06627769355218549 -0.040109307481374208 -0.066677916116672148 0.030069950584565543 -0.051890113584279106 0.041579399301669887 0.00326382276501849 0.052264282699537264 -0.066147490049068572 -0.052446260067563574 0.084260379755508125 -0.072555484768012213 0.060913723851395665 0.08354524695868891 -0.0097607651326753492 -0.16430708493790713 0.074937528246658905 0.017898328090344522 -0.092275053450018935 -0.10227255779233256 0.060273947307815039
leaf_weight=12.227502884343265 6.105048891156911 80.024091118946671 9.7776788938790542 11.276372689753769 22.947692802175879 33.970049574971199 84.137698758393526 5.7680560182780019 2.0861843526363364 21.815902667120099 40.637472340837121 33.472860919311643 60.859068520367146 18.015856171026826 5.9338370542973271 46.172712372615933 56.014055568724871 19.114977717399597 22.427749376744032 21.46394663490355 4.1210703589022151 11.9957511741668 7.5674807876348487 152.95183159969747 1.3528833389282215 40.130293019115925 7.5217949487268907 2.2185986395925275 6.1924853976815939 36.701300470158458
leaf_count=118 62 1471 111 91 528 290 702 37 15 301 330 415 717 257 57 353 680 158 191 245 23 89 32 1148 7 438 64 66 47 294
internal_value=-0.000170768 -0.0168995 0.00609524 0.00743051 -0.0211866 -0.0156937 -0.00100811 0.0332095 0.0515074 0.00886364 -0.0245299 0.0115733 -0.00921522 0.0113494 -0.0503766 0.0169449 0.0144761 -0.00440925 0.00869387 0.0289674 0.0207861 0.0142738 0.00416439 -0.00536197 0.0449002 0.049199 0.00902419 0.0396925 -0.0363631 0.051578
internal_weight=885.002 241.161 643.841 634.063 228.934 205.986 125.962 41.8243 36.0562 622.787 46.7425 576.044 118.282 78.8749 39.4067 457.763 435.947 109.179 90.0644 67.6367 326.768 270.753 203.56 160.519 67.1932 65.8403 25.71 43.041 13.7143 38.9199
internal_count=9337 3161 6176 6065 3043 2515 1044 342 305 5974 392 5582 1446 974 472 4136 3835 947 789 598 2888 2208 1563 1180 645 638 200 383 111 360
is_linear=0
shrinkage=0.08


Tree=45
num_leaves=31
num_cat=0
split_feature=61 10 335 332 10 329 159 149 305 338 182 330 10 332 88 329 329 10 10 327 350 339 63 331 170 209 168 132 63 120
split_gain=13.1625 11.1599 14.5897 12.2284 12.0717 12.4086 10.2312 10.209 9.73117 10.007 11.1706 10.4447 9.27574 10.5214 9.14804 10.2263 11.6654 10.8677 14.1196 14.8923 10.209 9.99033 10.1772 9.92324 8.83721 9.10694 8.53025 9.50664 8.50231 8.36825
threshold=8.5000000000000018 1280679744.0000002 5356.0000000000009 86864.000000000015 861951552.00000012 734.00000000000011 -4.5773906707763663 -4.0969135761260977 1.5000000000000002 29056.000000000004 -1381.9999999999998 647278.00000000012 1073793152.0000002 485376.00000000006 -1.0000000180025095e-35 80.500000000000014 260.50000000000006 1395205184.0000002 1514349888.0000002 51.500000000000007 556.00000000000011 66.000000000000014 12.500000000000002 2047.0000000000002 7.0788166522979745 -43743.999999999993 -6.3898799419403067 -6.6073310375213614 6.5000000000000009 149760.00000000003
decision_type=2 2 2 2 2 2 2 2 2 2 2 2 2 2 2 2 2 2 2 2 2 2 2 2 2 2 2 2 2 2
left_child=1 4 14 -4 5 -1 -5 -7 9 10 -6 12 13 -12 -3 17 21 20 19 -19 28 22 23 -17 25 29 27 -8 -16 -25
right_child=-2 2 3 6 8 7 26 -9 -10 -11 11 -13 -14 -15 15 16 -18 18 -20 -21 -22 -23 -24 24 -26 -27 -28 -29 -30 -31
leaf_value=0.055439473696021174 -0.058213913698591434 -0.13975450860128427 -0.07496240888784908 -0.054163733469078254 0.13226370667418372 0.011040978587204009 -0.076932466382852116 -0.055012955006636242 0.096372979032335271 -0.056437808230593849 -0.057122725186896012 -0.077768241414232483 0.0024422019013426014 0.12807403816364818 0.092152540941849048 0.063315136300191199 0.0029576074866483892 -0.066699363537313747 0.01056631254112745 0.053903511993492775 -0.082772929859402461 -0.060703478825052788 0.085293691221202173 0.058012108507944096 0.073768814427864038 -0.01543999501083672 -0.033391991065406065 0.037053019708024541 0.0040901964953072309 -0.060257578858881167
leaf_weight=29.336783176288009 24.300886005163193 2.4164955057203761 19.192292051389813 21.172882476821542 3.2476532347500315 60.2988570779562 5.186109982430934 19.92272369377315 4.3486100658774367 47.969858245924115 32.343829724937677 16.477406766265631 97.13958805333823 2.0901751704514018 17.328260526061062 45.717727307230234 93.092309383675456 38.332912957295775 72.019268983975053 7.903931461274623 3.8094718717038623 6.3130169697105876 28.560500722378492 26.155319094657902 15.077961154282091 46.650875745341182 21.795644033700228 48.254168778657913 11.791504574939607 4.4854655042290679
leaf_count=242 564 11 387 242 21 457 63 156 58 806 452 145 1177 14 121 580 794 361 658 61 29 49 491 262 125 298 246 350 88 29
internal_value=-0.000162084 0.00150064 0.00851884 -0.0166462 -0.0104943 0.0109181 -0.00503709 -0.00536326 -0.0220155 -0.0245991 -0.0145045 -0.017724 -0.0102044 -0.0458811 0.015451 0.0163499 0.0257911 -0.000264586 -0.0115829 -0.046083 0.0403821 0.0380807 0.0418229 0.0328318 0.0177443 0.00681513 0.00878812 0.0259913 0.0564933 0.0406988
internal_weight=872.732 848.432 535.256 115.601 313.175 109.558 96.4088 80.2216 203.617 199.269 151.299 148.051 131.574 34.434 419.655 417.239 266.053 151.185 118.256 46.2368 32.9292 172.961 166.648 138.087 92.3696 77.2917 75.2359 53.4403 29.1198 30.6408
internal_count=9337 8773 5245 1288 3528 855 901 613 2673 2615 1809 1788 1643 466 3957 3946 2628 1318 1080 422 238 1834 1785 1294 714 589 659 413 209 291
is_linear=0
shrinkage=0.08


Tree=46
num_leaves=31
num_cat=0
split_feature=4 314 305 69 339 348 351 335 340 353 75 24 0 335 10 206 10 10 141 10 219 118 336 169 340 65 89 132 120 329
split_gain=12.7815 11.7413 11.3152 12.7288 11.2421 11.862 11.1082 12.4627 11.0819 10.7398 11.086 9.70263 9.68574 11.447 10.6294 10.6738 10.9569 9.85522 13.4171 9.42043 9.40304 9.23102 9.10348 9.46913 8.58227 8.22333 8.07207 7.65881 7.596 8.5345
threshold=1.0000000180025095e-35 1.0000000180025095e-35 1.0000000180025095e-35 1543424.0000000002 66.000000000000014 299332.00000000006 1158.0000000000002 7020.0000000000009 135952.00000000003 752.00000000000011 2.5000000000000004 1.0000000180025095e-35 147467.50000000003 2944.0000000000005 1258729216.0000002 851.00000000000011 1422338816.0000002 1513365888.0000002 2.8004428148269658 1522249152.0000002 -1.0000000180025095e-35 -3905.9999999999995 15206116.000000002 -5.069490671157836 28968.000000000004 4.5000000000000009 -1.0000000180025095e-35 -5.7311003208160392 13568.000000000002 62.000000000000007
decision_type=2 2 2 2 2 2 2 2 2 2 2 2 2 2 2 2 2 2 2 2 2 2 2 2 2 2 2 2 2 2
left_child=11 4 9 26 5 8 7 25 12 10 -3 -1 13 14 21 16 24 18 -18 -8 -12 -2 23 -14 -16 -7 -4 -21 29 -19
right_child=1 2 3 -5 -6 6 19 -9 -10 -11 20 -13 22 -15 15 -17 17 28 -20 27 -22 -23 -24 -25 -26 -27 -28 -29 -30 -31
leaf_value=0.02265483394448746 -0.049749292269944977 -0.029768164834883943 -0.057611255891108971 -0.083018722346364551 -0.046115237311748408 -0.058003621561644049 -0.045557604841502036 -0.093740172053588686 -0.039547401232553944 0.09184042035655228 -0.12227420724592911 -0.059118181815241373 -0.028367504709433153 -0.06977759436546635 0.060618434746515196 -0.12179081969489784 -0.089765922230539058 -0.082047757579127939 0.026470020271292371 -0.019649809511904981 0.069158915215619524 0.048461073834223524 -0.084569472547703792 0.014179975202001696 -0.091335137934912311 0.088907029918481803 0.072874925149442479 0.1288738590162142 -0.061902732883995462 0.043756706629881167
leaf_weight=12.271704988554118 46.021414682269096 42.509854754433036 3.2494525685906401 4.0690010935068122 34.694149555638433 2.6528779231011859 15.255519535392525 2.9834836870431891 48.268735624849796 7.7742727957665911 1.850530274212361 38.174377089366317 37.390919214114547 21.237910937517881 31.486185723915696 3.970549050718545 16.296563027426604 3.8424573093652716 10.418961647897957 4.2509040161967278 14.583582965657115 7.0654915682971469 6.6749470867216578 319.78728611581028 2.5732225142419329 30.174297941848636 45.790740014985204 4.6556013990193588 6.630058839917182 33.890218330547214
leaf_count=111 730 269 24 22 511 32 150 42 542 168 11 1087 307 399 274 24 103 20 72 25 151 62 47 2787 16 484 444 34 44 345
internal_value=-0.000155294 0.00227783 0.0253936 0.0529473 -0.00173523 0.000613601 0.0345259 0.062807 -0.00280138 0.00346029 -0.00819639 -0.0392258 0.000439489 -0.0145495 -0.00731795 0.00696736 0.0118299 -0.00604749 -0.0444343 -0.00738966 0.047603 -0.0366782 0.00799606 0.00972593 0.0491382 0.0770347 0.0642288 0.0579864 0.0170693 0.0309456
internal_weight=860.495 810.049 119.827 53.1092 690.222 655.528 59.9727 35.8107 595.555 66.7182 58.944 50.4461 547.286 183.433 162.195 109.108 105.138 71.0783 26.7155 24.162 16.4341 53.0869 363.853 357.178 34.0594 32.8272 49.0402 8.90651 44.3627 37.7327
internal_count=9337 8139 1089 490 7050 6539 767 558 5772 599 431 1198 5230 2089 1690 898 874 584 175 209 162 792 3141 3094 290 516 468 59 409 365
is_linear=0
shrinkage=0.08


Tree=47
num_leaves=31
num_cat=0
split_feature=39 168 330 0 24 352 132 144 328 170 120 141 159 331 44 170 10 0 220 220 141 155 109 155 218 182 219 23 10 91
split_gain=11.82 10.9084 10.4329 9.64332 9.16656 8.37351 8.32108 8.17378 9.52623 17.5202 9.89334 8.2803 8.72221 7.91975 7.83446 8.57049 7.64877 7.41226 9.8421 10.2628 8.42058 8.21797 8.04139 7.51084 7.1987 7.78321 7.01776 6.84801 6.56019 6.40883
threshold=-1.0000000180025095e-35 -6.91760230064392 8196.0000000000018 13807256.000000002 1.5000000000000002 8200.0000000000018 -6.5880377292633048 -0.30723324418067927 8600.0000000000018 7.8789124488830575 2112.0000000000005 5.0035970211029062 -5.1655783653259268 1004.0000000000001 -1.0000000180025095e-35 3.4363299608230595 1478174528.0000002 147467.50000000003 2426.0000000000005 17524.000000000004 6.3254892826080331 -7.8376977443695059 -6911.9999999999991 -7.9230818748474112 -762074.99999999988 -2935.9999999999995 -2877.4999999999995 -1.0000000180025095e-35 1519947904.0000002 41216.000000000007
decision_type=2 2 2 2 2 2 2 2 2 2 2 2 2 2 2 2 2 2 2 2 2 2 2 2 2 2 2 2 2 2
left_child=1 4 13 7 5 28 -7 -4 10 -10 11 14 -13 -3 15 -9 -6 18 -12 20 22 23 -20 -19 25 -23 -16 -2 -1 -21
right_child=27 2 3 -5 16 6 -8 8 9 -11 17 12 -14 -15 26 -17 -18 21 19 29 -22 24 -24 -25 -26 -27 -28 -29 -30 -31
leaf_value=-0.0059854411873226845 -0.015708236272723681 0.10488979296801648 0.07437986068776288 -0.066672148640212633 0.16672993890313406 0.00026263431039447074 0.083722536234113659 0.06290580883253695 -0.035607093658616341 0.077939039884527481 -0.079566766900305688 0.094585939233935032 -0.075429793102363696 -0.072068035680469114 -0.069496178618169702 -0.12140740602850895 -0.063074673127842915 0.0084460673841677738 -0.10043172969506145 -0.049072394382573326 0.22659091306059126 0.02475346360636782 0.019909423109660505 -0.082383308558547294 0.013315291634065236 -0.05146460760388083 0.060484815976012234 -0.069386823295509062 0.069251647720042636 0.11351695652874558
leaf_weight=30.992917759343982 59.571261866018176 1.7715483121573949 9.9728000424802286 13.155860710889099 1.0252878442406643 10.143286518752573 31.047170856967568 2.9261645078659049 78.37777560763061 9.7825974598526937 14.380894854664801 2.5684504732489586 7.7838147245347482 18.753985717892647 2.8006319515407077 3.6023898385465145 9.6640738714486343 11.007442720234396 3.8630205634981385 32.900932304561138 1.1798692494630802 13.423854447901247 44.384019549936056 12.379478380084036 312.07425123266876 23.737807285040617 52.341259578242898 20.425835612230003 9.7505167461931688 1.6283743232488621
leaf_count=241 975 20 114 101 7 101 410 34 1055 207 148 38 66 752 19 22 98 75 39 250 9 95 379 66 2655 167 606 465 106 17
internal_value=-0.000150354 0.00290015 -0.000633527 0.00112834 0.0286443 0.0377346 0.0631703 0.00251963 0.00138415 -0.0230076 0.00534447 0.0329582 -0.033248 -0.0567949 0.0440719 -0.0387963 -0.0410326 0.00112157 -0.018415 -0.00794035 0.0154377 0.00627738 0.010274 -0.039633 0.00935181 -0.0239325 0.0538831 -0.0294141 0.0120199 -0.0414048
internal_weight=847.418 767.42 674.797 654.272 92.6233 81.9339 41.1905 641.116 631.143 88.1604 542.983 72.0227 10.3523 20.5255 61.6704 6.52855 10.6894 470.96 98.3371 83.9562 49.4269 372.623 48.247 23.3869 349.236 37.1617 55.1419 79.9971 40.7434 34.5293
internal_count=9337 7897 6934 6162 963 858 511 6061 5947 1262 4685 785 104 772 681 56 105 3900 842 694 427 3058 418 141 2917 262 625 1440 347 267
is_linear=0
shrinkage=0.08


Tree=48
num_leaves=31
num_cat=0
split_feature=4 75 209 21 61 329 144 209 331 182 119 220 155 168 169 332 331 314 206 170 120 338 338 220 170 120 340 10 141 335
split_gain=10.5911 10.4613 11.0105 9.26053 8.65205 8.01749 7.79554 7.17069 12.7577 7.27314 10.8003 9.74174 10.7643 10.2561 7.35667 6.64383 6.52886 6.31652 7.40158 7.03619 8.16949 8.41439 8.26262 7.69231 6.96383 8.29445 7.9628 10.9009 9.41281 9.3981
threshold=1.0000000180025095e-35 1.5000000000000002 -185015.99999999997 -1.0000000180025095e-35 8.5000000000000018 260.50000000000006 -1.0000000180025095e-35 -86773.999999999985 191016.50000000003 -19775.999999999996 -4871.9999999999991 159818.00000000003 -7.7817311286926261 -6.2714586257934561 -5.0081353187561026 251904.00000000003 6044.0000000000009 1.0000000180025095e-35 316.00000000000006 3.0360652208328252 524032.00000000006 1394688.0000000002 6045696.0000000009 3484086.0000000005 7.8789124488830575 255232.00000000003 24630.000000000004 1524875712.0000002 5.7657282352447519 4604.0000000000009
decision_type=2 2 2 2 2 2 2 2 2 2 2 2 2 2 2 2 2 2 2 2 2 2 2 2 2 2 2 2 2 2
left_child=3 2 5 -1 17 -2 -3 8 15 -9 -11 12 16 -14 -13 -8 -12 18 19 -4 22 -22 24 -23 25 26 28 -28 -21 -29
right_child=1 6 4 -5 -6 -7 7 9 -10 10 11 14 13 -15 -16 -17 -18 -19 -20 20 21 23 -24 -25 -26 -27 27 29 -30 -31
leaf_value=-0.082395144131368475 0.045744054365143845 0.097649552925260272 0.020465303150189903 -0.0094616301440223188 -0.073324730676873159 -0.026335013672350423 -0.12585144257080499 0.065084222780800213 -0.15000789488534963 -0.090924774869186792 0.014700628153631178 -0.15894170858329437 -0.0036924280636822689 0.060913848858076602 0.07782500536505528 0.044359640863074541 -0.056063257531641146 0.041958269342872757 -0.054276672660197964 -0.0076593891906101335 0.045939703166676039 -0.071934127538061249 0.18908483947334317 0.044913344714146472 0.051896524443607747 -0.062435757842705088 -0.046238333384346915 0.045552426760501467 0.06088395652726266 -0.074504724755727447
leaf_weight=17.828805094584823 46.037804134190083 7.8458084054291239 63.735391922295094 29.707278795540333 12.010417725890873 12.573894858360289 1.7985529582947473 20.789618413895369 4.4779772125184527 5.9802561812102786 14.053115162998436 0.87572397291660564 31.818002415820956 31.093744527548552 20.522753048688173 7.9771147463470697 20.54124378785491 17.972618293017149 19.784263856709003 258.99897572305053 32.912995921447873 9.2003931514918786 1.307862939313053 5.9297125078737727 10.522638708353041 21.433317212387919 72.830002166330814 17.513478386215869 13.490253074094651 5.4782704645767799
leaf_count=948 600 94 591 250 227 124 14 156 28 40 82 4 272 441 263 101 130 125 170 2555 505 75 14 55 71 188 850 134 119 111
internal_value=-0.000142367 0.00206575 -0.00271797 -0.036816 -0.00615263 0.030281 0.0197931 0.0159736 -0.0381811 0.0212724 0.0139791 0.0192552 0.00852803 0.0282388 0.0681354 0.0130438 -0.0273172 -0.00468874 -0.00626126 -0.00441078 -0.00793708 0.0232398 -0.011667 -0.0261399 -0.0123229 -0.0140568 -0.0112414 -0.0310776 -0.00426598 0.0169463
internal_weight=837.042 789.506 621.732 47.5361 563.121 58.6117 167.774 159.928 14.2536 145.674 124.885 118.905 97.5061 62.9117 21.3985 9.77567 34.5944 551.11 533.138 513.353 449.618 48.0431 401.575 15.1301 400.267 389.744 368.311 95.8218 272.489 22.9917
internal_count=9337 8139 6514 1198 5790 724 1625 1531 143 1388 1232 1192 925 713 267 115 212 5563 5438 5268 4677 635 4042 130 4028 3957 3769 1095 2674 245
is_linear=0
shrinkage=0.08


Tree=49
num_leaves=31
num_cat=0
split_feature=0 169 331 7 82 4 91 159 4 339 325 170 332 64 76 329 332 170 182 219 168 2 69 330 170 168 168 220 1 170
split_gain=10.1785 9.37489 9.80659 8.74228 7.94423 9.23228 7.95947 8.64553 8.20224 7.49857 7.46793 7.10161 9.95368 8.6822 8.61059 11.1597 10.547 8.21829 7.1692 11.4975 7.52667 8.09664 7.32049 7.83282 7.52166 6.95437 7.67676 6.88052 6.7565 7.44135
threshold=69644.000000000015 -5.0639846324920645 796.00000000000011 1.0000000180025095e-35 -2687.9999999999995 1.0000000180025095e-35 2752.0000000000005 -1.867391765117645 32.500000000000007 66.000000000000014 -1.0000000180025095e-35 5.0977873802185067 1517568.0000000002 1.0000000180025095e-35 5.5000000000000009 9192.0000000000018 473088.00000000006 4.5935828685760507 -39913.999999999993 -1.0000000180025095e-35 -7.4499580860137931 1.0000000180025095e-35 204032.00000000003 18400.000000000004 5.5491759777069101 -6.5523567199707022 -6.4196348190307608 1404300.0000000002 419840.00000000006 6.0605857372283944
decision_type=2 2 2 2 2 2 2 2 2 2 2 2 2 2 2 2 2 2 2 2 2 2 2 2 2 2 2 2 2 2
left_child=3 25 9 4 -1 -6 -7 8 -8 -3 -4 12 14 18 15 16 17 -12 -13 -20 -21 22 23 -22 -24 -2 -27 -15 29 -25
right_child=1 2 10 -5 5 6 7 -9 -10 -11 11 13 -14 27 -16 -17 -18 -19 19 20 21 -23 24 28 -26 26 -28 -29 -30 -31
leaf_value=-0.071330198266427544 0.033563783985757802 0.043676783038605442 -0.083664393821338306 -0.087995921119189954 -0.06397011229209873 0.015779817525462429 0.24214418339103241 -0.09093667412431039 -0.012831885398711869 -0.10322828736965718 0.00093907656271148858 0.061455907897727986 -0.038603019709272886 0.044953320396664956 0.10913863765956683 -0.13160254012656852 0.028341340209967491 -0.039661725776299221 -0.18603263613414689 0.04835959808055379 -0.064070886567050025 -0.038368834410579991 0.040700741336623852 -0.018588260110493839 -0.045760284868183086 -0.097951242275004485 -0.02163081003596326 -0.04943454986475615 0.076615592081002742 0.058686600122257328
leaf_weight=13.752844519913195 9.4195119719952327 56.27090828679502 6.2223260756582013 10.933055579662321 15.972886184230445 74.181904014199972 0.83868453092873352 10.606467599049209 21.678213208913803 2.3152384944260112 167.33924888726324 13.036048108711837 43.656401014886796 67.720288212411106 4.7551220655441275 4.029273845255374 74.288832800462842 39.424769150093198 2.1065112799406043 19.528886597603559 5.6189665021374813 33.871466461569071 8.8286415338516218 18.729465359821916 23.796201964840293 11.587992647662753 30.998269410803918 5.3319212142378083 16.921247992664576 13.890255980193613
leaf_count=233 105 803 50 373 612 714 7 120 228 21 1782 91 406 949 31 23 747 400 12 183 53 281 71 158 194 120 246 48 164 112
internal_value=-0.000137969 0.00400137 0.00670579 -0.0191525 -0.0136598 -0.00722607 0.00122054 -0.0313859 -0.00333482 0.0378713 0.00349743 0.00446096 -0.00299145 0.015296 0.0023725 0.000591662 0.00248685 -0.00680249 0.00465635 -0.000511022 0.002257 -0.00514363 0.00767621 0.0254432 -0.022363 -0.0286395 -0.0423981 0.0380642 0.0355959 0.0143172
internal_weight=827.652 679.688 627.682 147.964 137.031 123.278 107.305 33.1234 22.5169 58.5861 569.096 562.874 333.494 229.38 289.837 285.082 281.053 206.764 156.328 143.292 141.185 121.656 87.7848 55.1599 32.6248 52.0058 42.5863 73.0522 49.541 32.6197
internal_count=9337 7050 6579 2287 1914 1681 1069 355 235 824 5755 5705 3389 2316 2983 2952 2929 2182 1319 1228 1216 1033 752 487 265 471 366 997 434 270
is_linear=0
shrinkage=0.08


end of trees

feature_importances:
Column_10=127
Column_0=85
Column_168=65
Column_4=58
Column_335=56
Column_331=54
Column_351=43
Column_170=42
Column_329=40
Column_332=40
Column_75=38
Column_120=37
Column_39=35
Column_340=34
Column_21=32
Column_220=31
Column_76=30
Column_209=28
Column_69=25
Column_1=23
Column_159=22
Column_182=20
Column_63=18
Column_65=18
Column_169=17
Column_314=17
Column_330=17
Column_162=16
Column_339=16
Column_61=14
Column_141=14
Column_328=14
Column_338=14
Column_24=13
Column_73=13
Column_118=13
Column_149=13
Column_218=13
Column_219=12
Column_327=12
Column_352=12
Column_2=11
Column_42=11
Column_132=11
Column_348=11
Column_64=10
Column_67=10
Column_181=10
Column_66=9
Column_38=8
Column_155=8
Column_305=8
Column_337=8
Column_49=7
Column_109=7
Column_336=7
Column_346=7
Column_7=6
Column_23=6
Column_94=6
Column_353=6
Column_62=5
Column_82=5
Column_9=4
Column_44=4
Column_70=4
Column_91=4
Column_119=4
Column_193=4
Column_354=4
Column_40=3
Column_46=3
Column_88=3
Column_112=3
Column_117=3
Column_206=3
Column_212=3
Column_350=3
Column_16=2
Column_72=2
Column_89=2
Column_99=2
Column_144=2
Column_194=2
Column_258=2
Column_312=2
Column_355=2
Column_68=1
Column_74=1
Column_105=1
Column_138=1
Column_142=1
Column_191=1
Column_192=1
Column_266=1
Column_270=1
Column_299=1
Column_325=1
Column_349=1

parameters:
[boosting: gbdt]
[objective: binary]
[metric: binary_logloss]
[tree_learner: serial]
[device_type: cpu]
[data_sample_strategy: bagging]
[data: ]
[valid: ]
[num_iterations: 50]
[learning_rate: 0.08]
[num_leaves: 31]
[num_threads: 4]
[seed: 17]
[deterministic: 1]
[force_col_wise: 1]
[force_row_wise: 0]
[histogram_pool_size: -1]
[max_depth: -1]
[min_data_in_leaf: 10]
[min_sum_hessian_in_leaf: 0.001]
[bagging_fraction: 1]
[pos_bagging_fraction: 1]
[neg_bagging_fraction: 1]
[bagging_freq: 0]
[bagging_seed: 17]
[bagging_by_query: 0]
[feature_fraction: 1]
[feature_fraction_bynode: 1]
[feature_fraction_seed: 17]
[extra_trees: 0]
[extra_seed: 13015]
[early_stopping_round: 0]
[early_stopping_min_delta: 0]
[first_metric_only: 0]
[max_delta_step: 0]
[lambda_l1: 0]
[lambda_l2: 0]
[linear_lambda: 0]
[min_gain_to_split: 0]
[drop_rate: 0.1]
[max_drop: 50]
[skip_drop: 0.5]
[xgboost_dart_mode: 0]
[uniform_drop: 0]
[drop_seed: 30017]
[top_rate: 0.2]
[other_rate: 0.1]
[min_data_per_group: 100]
[max_cat_threshold: 32]
[cat_l2: 10]
[cat_smooth: 10]
[max_cat_to_onehot: 4]
[top_k: 20]
[monotone_constraints: ]
[monotone_constraints_method: basic]
[monotone_penalty: 0]
[feature_contri: ]
[forcedsplits_filename: ]
[refit_decay_rate: 0.9]
[cegb_tradeoff: 1]
[cegb_penalty_split: 0]
[cegb_penalty_feature_lazy: ]
[cegb_penalty_feature_coupled: ]
[path_smooth: 0]
[interaction_constraints: ]
[verbosity: -1]
[saved_feature_importance_type: 0]
[use_quantized_grad: 0]
[num_grad_quant_bins: 4]
[quant_train_renew_leaf: 0]
[stochastic_rounding: 1]
[linear_tree: 0]
[max_bin: 127]
[max_bin_by_feature: ]
[min_data_in_bin: 3]
[bin_construct_sample_cnt: 200000]
[data_random_seed: 17]
[is_enable_sparse: 1]
[enable_bundle: 1]
[use_missing: 1]
[zero_as_missing: 0]
[feature_pre_filter: 1]
[pre_partition: 0]
[two_round: 0]
[header: 0]
[label_column: ]
[weight_column: ]
[group_column: ]
[ignore_column: ]
[categorical_feature: ]
[forcedbins_filename: ]
[precise_float_parser: 0]
[parser_config_file: ]
[objective_seed: 20363]
[num_class: 1]
[is_unbalance: 0]
[scale_pos_weight: 1]
[sigmoid: 1]
[boost_from_average: 1]
[reg_sqrt: 0]
[alpha: 0.9]
[fair_c: 1]
[poisson_max_delta_step: 0.7]
[tweedie_variance_power: 1.5]
[lambdarank_truncation_level: 30]
[lambdarank_norm: 1]
[label_gain: ]
[lambdarank_position_bias_regularization: 0]
[eval_at: ]
[multi_error_top_k: 1]
[auc_mu_weights: ]
[num_machines: 1]
[local_listen_port: 12400]
[time_out: 120]
[machine_list_filename: ]
[machines: ]
[gpu_platform_id: -1]
[gpu_device_id: -1]
[gpu_use_dp: 0]
[num_gpu: 1]

end of parameters

pandas_categorical:null
